	R	RDes	P	PDes	Y	YDes	FaultIn	RRPrediction
0	0.0233551447636078	-0.333483361767176	0.0146566604821371	-0.279496649734067	0.0886471723317299	0.00032304264291434703	0	0
1	0.0125130226270959	-0.326018455450695	0.0128893119206891	-0.273996747882006	0.0861937033185438	0.00044234586079778	0	0
2	0.015823954786777998	-0.332797811196086	0.0118257377074463	-0.280342956020899	0.0882933760311812	8.79573304330374e-05	0	0
3	0.0208914177500138	-0.32676847977547696	0.00932180823560119	-0.27329316108699897	0.0815094211262015	0.000182515602890311	0	0
4	0.0146489867805059	-0.32666983782532	0.0120367285509236	-0.273543682838119	0.0874133650241553	0.000118002731643151	0	0
5	0.0213121428687902	-0.326878636851418	0.0132098493529399	-0.273364441464559	0.0851801099400208	5.69130555633766e-05	0	0
6	0.0225479502134369	-0.333720490689243	0.0166423560696886	-0.279211498795884	0.0894130338559478	0.00013404244885796101	0	0
7	0.0146364358365326	-0.33344646813429496	0.0169308389665375	-0.27957312989228195	0.0867633499821114	0.00011705276776745701	0	0
8	0.0178701821723772	-0.332585925384514	0.0156501023417792	-0.28096229766092307	0.0805977975362016	0.000124309832288825	0	0
9	0.0168161053841483	-0.33196582017278603	0.0120269404158713	-0.28103870522319	0.0861330300108538	0.000158748940097918	0	0
10	0.017621415649182	-0.339351153610683	0.0076308915488189095	-0.28664524605073305	0.0818387244966783	0.000208123406808635	0	0
11	0.020717440037768996	-0.345326425615032	0.0169854784516546	-0.293076752708786	0.0803317820674273	0.000310367276398151	0	0
12	0.0202094256335012	-0.34477422136521	0.0157104620180704	-0.293749470965935	0.08698893689796601	0.000482146575627554	0	0
13	0.0190396605728792	-0.351565789400339	0.0126457537070302	-0.299426964262212	0.0853051132188065	-7.650429293991329e-06	0	0
14	0.0229962186768641	-0.35694737326670706	0.0134090126967805	-0.30554134513782694	0.0845623969044968	0.00011966069659558001	0	0
15	0.0185700342263126	-0.362545285358788	0.0132659291898769	-0.312059089955897	0.0855572887153996	0.00034466410847823904	0	0
16	0.0159065430290609	-0.367951160188867	0.0137186154785444	-0.318352679497859	0.0780868386519394	8.484750773907691e-05	0	0
17	0.0247454540704531	-0.37350238512869605	0.0162770643034711	-0.32409794181103	0.0844771256193137	0.000210553652929856	0	0
18	0.0238165326023873	-0.385104461301706	0.0174114984650785	-0.33517790478590004	0.0819842721933975	0.000386887081257492	0	0
19	0.0220338204416513	-0.390780389246761	0.0174123408099691	-0.34026795146388394	0.08380894568712201	3.75026311121553e-05	0	0
20	0.0161280953034095	-0.395206370892444	0.01739532872259	-0.346589927923999	0.0825619860588682	0.000217434741783548	0	0
21	0.0169888812930959	-0.40544340679462393	0.0163737012918654	-0.357172751200051	0.07948283372150099	0.000390087783201283	0	0
22	0.0225760168959622	-0.41058220278749896	0.0172901764685453	-0.362642913759961	0.0827866282914021	0.00035919720617875	0	0
23	0.022278706279589004	-0.415442443647983	0.0154857689200628	-0.367759703204621	0.0790493753404514	0.000308482738318778	0	0
24	0.0191543719650935	-0.425323883905757	0.016561009790595	-0.377961737093414	0.0790912059691544	0.000500165855365348	0	0
25	0.019435241768343003	-0.294901168946897	0.0174129175447466	-0.27354488056307896	0.0823841380489241	0.00466066171749973	0	0
26	0.0205158723224098	-0.35899144564775104	0.0172750790531051	-0.329990000996882	0.0787683510020744	0.0117512119334541	0	0
27	0.018903288750488	-0.370215520357428	0.01347927961434	-0.34141047786857204	0.0794906038443849	0.0180154443968232	0	0
28	0.0174090700109216	-0.37596475169806803	0.0168631301364009	-0.34667076387229395	0.0796947559284746	0.0245240572300744	0	0
29	0.0197294350661696	-0.38143431723453797	0.0187549152340312	-0.352075424978937	0.0803722913605096	0.0313234736806968	0	0
30	0.0211499637194212	-0.391987902832697	0.0204365775349508	-0.362919836827901	0.0830368175149942	0.0383418684781334	0	0
31	0.0189032140410573	-0.40271108165399894	0.0147816407459291	-0.372831571603927	0.0802028105416507	0.0454037845885731	0	0
32	0.0204848002318404	-0.533456909925315	0.0165207315432001	-0.476464481825511	0.0791372113927894	0.0531273022868921	0	0
33	0.019729592681557	-0.44461780962078995	0.0159115095267869	-0.40866967626101003	0.0787471539885128	0.0604524847771364	0	0
34	0.0200668324106356	-0.448818665031037	0.0191450125109401	-0.41346260203122204	0.0773799081971559	0.0675510612646654	0	0
35	0.0175367232695882	-0.457830489021497	0.017586596375838003	-0.42262265412929706	0.0800812884348525	0.0751176340715305	0	0
36	0.0220442407505368	-0.688942403613959	0.0158200555182762	-0.7588267572424481	0.0812947385124796	0.0819237194774322	0	0
37	0.0199441860856491	-0.619507038440131	0.0158042882665422	-0.6842062446837262	0.0806761607935109	0.0892764911471611	0	0
38	0.0215488376024591	-0.805353245029625	0.0176076834448926	-0.891968011400003	0.0784716599721586	0.0967761890598847	0	0
39	0.0187028254948739	-0.8645407061427269	0.0194975089367731	-0.9403481201097791	0.0806614658405947	0.104504218891216	0	0
40	0.0217037481811858	-0.6696641774538841	0.0191784943155853	-0.949731475525513	0.0794421502353152	0.112567289236737	0	0
41	0.0205532433352227	-0.7096932994284592	0.0183866530255182	-0.887619232467574	0.0789730126091884	0.11969852379806599	0	0
42	0.022892339536967003	-1.26579261286705	0.0189929814073399	-1.06501513623977	0.0823183442229115	0.12591011204678998	0	0
43	0.0210961966757955	-1.40980026564264	0.0157904283041153	-0.580215978425505	0.0790230611292364	0.131188002383714	0	0
44	0.022197655240476	-1.18180100836481	0.0148942073644483	-0.8232834657349629	0.0793648353953127	0.14185282833155402	0	0
45	-2.5006248846394703	-2.0588235811824798	-1.34158434724411	-0.5784113948460289	0.102956588596025	0.14253903604906398	0	0
46	-1.569268431776	0.365456026458748	-1.0388039816935402	0.15692476208678	0.116039915371562	0.13636232670377002	0	0
47	-0.154762105103638	1.22106041651697	-0.179962866304055	1.07213882176679	0.138049890225264	0.117610158203643	0	0
48	0.364188469069793	1.49203546982954	0.217375180647772	1.24726838918992	0.12756202900455402	0.100716845736369	0	0
49	0.8779573619574359	1.7039234330462598	0.247020229511627	1.07290421220044	0.10674114813336599	0.0898865441486784	0	0
50	0.602029427601487	1.3705940932660299	0.515453618011051	1.21599459966952	0.10281422730855001	0.0870447934450586	0	0
51	0.8184118871781909	1.33103088385161	0.410314012457437	1.1502331756750501	0.0987169971658395	0.0830145589593672	0	0
52	0.5447120691187191	1.1577382588728	0.45482511501144796	1.03443653778153	0.0962600373061997	0.0819487370301659	0	0
53	0.46445415563420506	0.8310194166583329	0.322373990143917	0.94659971360448	0.10865387969772501	0.0795597149689597	0	0
54	0.42382943945608204	0.714325911811893	0.353712211539276	0.906062193045865	0.0850957351674056	0.0794830833684264	0	0
55	0.475085760609456	0.677194285681915	0.41478514767919206	0.8710674116332551	0.0652855735544566	0.0912579488962679	0	0
56	0.46609855791617294	0.954646410970345	0.579124358517895	0.79825059006061	0.08627081787252901	0.0987111988434166	0	0
57	0.30651070966351396	0.450855799360623	0.20366603842743103	0.224017983473949	0.101668453465616	0.0992537990638972	0	0
58	-0.515441525835721	0.10065447727344198	-0.41734363781025896	0.0853259215986775	0.0994341501987827	0.100185609559166	0	0
59	-0.0443270519648551	0.383295807445864	-0.35073241662509	0.130524680681099	0.10178603317311401	0.0983327724993292	0	0
60	0.0889232938610466	0.456133345138615	0.0926719622767267	0.51438684652687	0.10345081538206599	0.0963961924130497	0	0
61	0.37053386070154704	0.490237377639065	0.135759653447643	0.0922333917263616	0.0929649177868943	0.0981732178316924	0	0
62	0.350453721418862	0.5164538947462289	-0.42817418541116	0.0943330395661937	0.10384931061804901	0.09490253816937198	0	0
63	-0.13591876489407598	-0.23868174027587696	0.303691167878419	0.5750378280722189	0.111816007292459	0.0887586479989075	0	0
64	-0.5711691728617879	-0.400240589330111	-0.197668709619221	-0.0223821563967065	0.0813141703155729	0.0913304558427576	0	0
65	0.285956025231379	0.7483949972496049	0.038926633129327	0.301637818330784	0.11312376153864	0.0869769212509704	0	0
66	0.45240845565810395	0.449478744100747	-0.348982864772034	-0.411422109575859	0.111497591827307	0.0767055457828577	0	0
67	-0.0587658072254702	-0.0231351077257691	0.0917938618207363	0.450939779045341	0.101464290777374	0.0502929195697351	0	0
68	-0.282937558361819	-0.099034578938864	0.147530270823371	0.0231952820660959	0.100129550399416	-0.0143184542399779	0	0
69	-0.0888291013026932	0.0124851309726217	0.31328861948750397	0.33254696503048997	0.0600178150097053	-0.0606161254131432	0	0
70	-0.20796025988594602	-0.239702704736258	0.126129661188287	0.17514992852919598	-0.0198563716633269	-0.0683611472292978	0	0
71	0.222339332435167	0.552205770442122	-0.22071440220742602	-0.0176499423251801	-0.0341487080886057	-0.0432515569110186	0	0
72	-0.0195798478961268	0.178460167184535	-0.228545078059925	-0.0605083070194162	-0.0249165283976291	-0.0143158479873332	0	0
73	0.5328142604573269	0.53120831454866	-0.16973963722539404	0.0309167530487681	-0.0176089263744036	0.0120150436958941	0	0
74	-0.317836784228247	-0.161444151626258	-0.0831671517008231	0.047734121736048	-0.00808370749895355	0.0372917877366207	0	0
75	-0.203980914113462	-0.195560235445075	0.153572009640892	-0.133117902367981	0.00552240348708074	0.0531503057782493	0	0
76	-0.404486837290266	-0.30358009132361896	-0.320869579486427	-0.267661912018171	0.0283769510954762	0.0581348083296014	0	0
77	0.0129489706005111	0.0792739828865003	-0.0269516554738489	-0.255667605041913	0.0395142223322849	0.0520245281967541	0	0
78	-0.0247700100602591	0.12196023895480301	-0.11453260089209698	0.195168530420839	0.0520015384246175	0.0406309010683173	0	0
79	0.166737633931252	0.346295778263044	0.22222360907566605	0.161923509717618	0.0466285635973645	0.021577506663067	0	0
80	-0.25325956440595804	0.0355266222062696	0.10234964327140199	0.26192767911458104	0.0113505567566971	0.0206730177380497	0	0
81	0.254255492947499	0.111690620143077	0.5614394566580401	0.45765394975236895	0.0127018512635788	0.0204453360815632	0	0
82	-0.655724259904658	-0.60036034487029	-0.264488074666578	-0.23894877752536603	0.00960242206905142	0.0210120339494651	0	0
83	0.11043803020258698	0.234866845415097	-0.17610994567075897	-0.153834587777443	0.019897033291933	0.0171285677748715	0	0
84	0.077613451268094	0.0818159321277887	0.0675053167231332	0.0348047690293296	0.0129886679861193	0.0140304692221197	0	0
85	0.37514548919658897	0.3775590706755061	-0.0374638158267545	0.325643538139602	0.0005892793773803	0.0134992482816374	0	0
86	0.20293881818389498	-0.0478413398428372	-0.191093150578935	-0.18016132563104897	-0.00234783222824362	0.0194438843515938	0	0
87	0.0825847168381995	0.234945988208665	-0.256276801550627	-0.22195926750726502	-0.00101539221139713	0.0222827158519606	0	0
88	0.0462163231670842	-0.0198845096180626	0.140939524734673	0.341814487394483	0.00292261077205369	0.0299623347245173	0	0
89	0.00539398059446945	0.0415884620788106	0.530143382802629	0.18187087923635398	0.0101031216333555	0.0309605047687825	0	0
90	-0.148034246214406	-0.215587415444392	-0.0108350063979609	-0.0411058593609709	0.0368045238381052	0.0240726644218215	0	0
91	-0.12936830891599801	3.6102441911759296e-05	-0.0650032084457274	6.753662110892479e-05	0.0420021389355204	0.0106511762765841	0	0
92	0.102340037865262	0.46509825101223706	-0.104108426687157	-0.0118838636689298	0.0242875584509531	0.00621472754333371	0	0
93	0.36753420648067103	0.362278204630307	0.26673066570427	0.24348483540567498	0.0043186485784464206	0.0090926399864284	0	0
94	0.0372297113519121	-0.19441420338282	-0.20872535942972698	-0.11995431660819501	-0.008363751657770379	0.0202607380783182	0	0
95	-0.20829421497899103	-0.160858991177039	0.224055799668321	0.28014587298536	0.00579298515249844	0.0326029315395497	0	0
96	-0.17046292464670199	-0.156124690417403	-0.0298081666436834	0.212704367673898	0.0119433729192486	0.0424116980527719	0	0
97	0.0694790061601608	-0.0294891584802005	0.22930978787377998	0.275910159688846	0.0265086009178346	0.039283615107262	0	0
98	-0.0771568987880608	-0.149639486764249	-0.11692671292039698	-0.11131554970298199	0.0304648548576313	0.0364990054430435	0	0
99	-0.0431768841712368	-0.0292377513623867	-0.0886366431908489	0.128438241857915	0.0434722237408883	0.0286866319500549	0	0
100	-0.286750674843794	-0.407382406286635	-0.46947135563760206	-0.46553023930864795	0.019211765116601002	0.0273744734276831	0	0
101	-0.18133082173493698	0.12855515078716198	-0.17435332180981503	-0.18171331776432398	-5.26513769038565e-05	0.0385829776602166	0	0
102	0.48166549007277293	0.518498763296522	0.31832220331357103	0.0782551109694316	0.0355871697819302	0.0401574408657449	0	0
103	-0.23362398306796103	-0.307806677220531	0.0931861515466753	0.164456857790052	0.0584394995390984	0.0280092809363554	0	0
104	-0.10233128864501599	0.0124489929000898	-0.21525566866464899	-0.29460027674746303	0.0332582455708976	0.019926490737246002	0	0
105	-0.10819383190377001	-1.24342977206854e-05	-0.0432264957411152	-3.69621239779413e-05	0.0386823658888381	0.0158538085776172	0	0
106	-0.315333955876596	-0.4509803514611379	-0.12545903481634102	-0.0727933414290863	0.0286729654054269	0.0160013340600016	0	0
107	0.36820991743702897	0.47551879967752897	-0.0732570857392342	-0.131905820195573	0.0322515164428526	0.0138530476434306	0	0
108	0.0812858454099348	-0.0438877713741997	0.0359047398252228	0.22426095163282397	0.0188746810192419	0.0154574487160265	0	0
109	0.00246431759774054	-0.18485170378278895	0.15024665617417401	0.13425559156838301	0.0161988912051119	0.0209160826919339	0	0
110	-2.7132368942673395	-4.945259966712929	-5.56806582194856	-9.704146365772429	0.0246800790494467	0.0324931253982867	0	0
111	-10.3252058402229	-12.2377107535133	-20.3496653994093	-23.9339121665905	0.0204546322601039	0.0531733188538377	0	1
112	-14.691212165611502	-15.2971770578053	-28.816840646440202	-29.8376329528604	0.0301203885721983	0.0690032256993703	0	1
113	-15.271968745106198	-15.222778414155801	-30.7927529255731	-30.279190530076498	0.0451481681222512	0.0529549776691649	0	1
114	-14.6257579477203	-14.084456970292	-29.5508612633942	-28.626594728393002	0.0653465023971195	-1.3438624810075	0	1
115	-11.0471186753472	-8.58136928505605	-21.878370354812304	-17.456454842095898	-1.27528004579813	-34.699223828522705	0	0
116	-4.67649179201003	-2.5504418157991	-8.44383934102126	-4.65981108747855	-10.729808424008501	-77.60404807903791	0	0
117	0.721634006287554	1.5750258408706101	1.05768080377746	2.6012066666805698	-31.150796566048	-96.9545458404372	0	0
118	1.11575445342772	1.04783227477577	1.4091952510705101	1.00063730705211	-55.097634389302904	-99.51865080678792	0	0
119	1.31493466871676	1.00687481252813	2.82536568678267	2.29883740852482	-73.0680309864035	-66.41539707944641	0	0
120	0.320359779513343	0.105949968220377	-0.295626882961962	-1.28170450724935	-76.2732581395597	-27.969125187425497	0	0
121	0.43290530097234897	0.22143351708109302	-0.0830386700985353	-0.33461910284566	-63.7784626687753	6.08014448029001	0	0
122	0.44360721134958403	0.56627990246074	-2.4741014044547502	-3.16439777328955	-41.184471127102704	29.1935032987812	0	0
123	0.10997458953492999	0.0680640576327248	-2.6218861444165698	-3.25396988485503	-15.528519544705	38.642419647196895	0	0
124	0.5798306669195079	0.6403746415203929	-4.23175060382373	-4.6749272018435	6.39760447003417	39.742232797472894	0	0
125	0.6986211200607939	0.392377084643905	-4.0410132618621	-4.3700289300752	21.463650574736302	34.9276424739966	0	0
126	-0.259370389433632	-0.633594325647696	-5.197039401280611	-5.486449758185719	29.1384218200195	24.4776011716086	0	0
127	-0.7197980600315691	-0.7240575752538471	-4.88785394064704	-5.26859816017031	29.8496846268152	10.9533431498559	0	0
128	-0.44612018198606895	-0.43653231612536103	-6.484016874919571	-6.701499330872839	24.7892910196454	-1.3261880160039399	0	0
129	-0.124943370851701	0.0134817334204239	-5.915628121509651	-6.18098606659265	16.227637374151403	-10.3766949716988	0	0
130	-0.0136373448232077	-0.190788667249033	-7.08248982280653	-7.3664065620432195	6.57717801360186	-15.1107451625314	0	0
131	-0.167678185850216	-0.0783475923084348	-6.14555424636708	-6.014197245041701	-2.02399335699816	-15.7122257999614	0	0
132	-0.20101048235739	-0.0555026027727752	-7.308911201923389	-7.48592796900586	-8.01955840855898	-13.0939057508182	0	0
133	0.0523370727010779	0.0032357198816775	-6.97602209431661	-6.667243013377759	-10.9973890135321	-8.58709675564958	0	0
134	-0.31612662791282503	-0.49784829828652	-7.43394421487077	-6.97658430872136	-11.098993127697101	-3.38507137649119	0	0
135	-0.383182201084046	-0.226309933440459	-6.95299120175799	-6.8575968230227105	-8.98340578629616	1.1005444317656499	0	0
136	0.108084514251003	0.346312544751551	-7.5426955862109	-7.66186193814147	-5.66963388460663	4.17431750547382	0	0
137	0.254268075747725	0.0440972193060977	-7.1307424935862604	-7.01528371624003	-2.1158870514109	5.79325490582493	0	0
138	-0.00803781796472792	-0.0621146053134704	-7.68263331697059	-7.778828350050469	0.943951352534903	5.90713260213684	0	0
139	-0.213767083202409	-0.0563487254408764	-7.02385750924904	-7.19105398369252	3.08944323131464	4.8374044475229505	0	0
140	0.11396989581709199	-0.0568391410118591	-8.25445209648753	-8.51839838749021	4.12433712777376	3.08537682360775	0	0
141	-0.264091498143954	-0.126053696287099	-7.4110246057997795	-7.16903817059574	4.10508300887231	1.19899392737027	0	0
142	0.287100765736932	0.718382182789211	-7.59646592943539	-7.64328652202101	3.33826943605766	-0.7227133700172651	0	0
143	0.5094342817104679	0.48765250942963706	-3.9125875544673803	-4.401322599085099	2.06921334248384	-1.89043649539253	0	0
144	0.413016877608019	0.17602210511541397	-3.66130199275841	-1.4878398468332699	0.6909517334984959	-2.4258045859198902	0	0
145	0.274207025159518	0.0560762314247238	-2.61295922585686	-1.90515040095142	-0.49988541870364295	-2.4066009306926497	0	0
146	0.27468432452195396	0.451191650048381	-1.09038972357934	-1.1489335340781	-1.33454764224077	-2.04479335758962	0	0
147	0.31183043116035997	0.0948965257923305	-0.6904655966313399	-0.516167274088117	-1.73523231037532	-1.24903155894728	0	0
148	0.0719585599857108	0.198293768574434	-0.7987277757431609	1.6509464604851	-1.7355436319677702	-0.48773246889922606	0	0
149	-0.238643641710351	-0.22641398481886899	1.73801264776997	3.91732547124588	-1.3972511287800198	0.32510262774194204	0	0
150	0.178776741270397	0.274962344892636	3.0485740106742	3.0705947046097797	-0.86852584627902	0.662129341203176	0	0
151	0.310039817748547	0.29789714173566306	3.71729375186338	3.70201306842601	-0.34235470615634	0.847811340528868	0	0
152	0.0733314093548649	-0.00362766575426465	4.56806620601237	4.09880201013861	0.132743601233506	0.908615445298514	0	0
153	0.120855246508504	0.0286594551862905	1.8680282662145902	1.30939442608781	0.454672638462981	0.727645510901304	0	0
154	-0.0798827833274517	-0.103901698104605	0.561118074793254	0.113898129722061	0.646897287825891	0.490733030915621	0	0
155	-0.14769073245343398	-0.177168549389031	-0.9282851485634829	-1.07302953348402	0.6249607576468951	0.213130735814875	0	0
156	-0.0433667301358628	-0.0190133154692905	-1.72148488584907	-1.8632185387765199	0.5397975633924771	-0.0989784346306545	0	0
157	-0.0842194964918098	0.0846880324747206	-2.81688245319336	-2.9463008846338496	0.369456174339246	-0.339132807000451	0	0
158	0.0223803384094586	0.0153553545648215	-1.9310653551208503	-2.02658049841732	0.10744215802816698	-0.45811587045945895	0	0
159	-0.10198178534357401	0.11228539744014698	-2.66928097488565	-2.68099934147328	-0.10992989631958801	-0.487500184726169	0	0
160	-0.228334881658047	-0.139212326262565	-1.6848203774471	-1.438668718667	-0.25703828803646	-0.354325315506788	0	0
161	0.0175820998760555	0.0492486109973566	-1.9940550898461202	-1.72367754350218	-0.36894890536168107	-0.291082989607182	0	0
162	0.17493125388413802	-0.00523091573183425	-1.21316666304322	-1.1135997338926298	-0.36835987875364296	-0.156520509113487	0	0
163	-0.17456226909384198	-0.332611919485756	-1.6827715868927402	0.8996619010706441	-0.318547288354324	0.0429287123463669	0	0
164	-0.166280781643254	-0.21214001104621802	0.0688721087078841	-0.754216638131833	-0.20194143579825402	0.127115762493491	0	0
165	-0.4006084783373039	-0.12894141641183401	1.44282827865374	0.9210174721043959	-0.0502152998233367	0.162074255091648	0	0
166	0.132823660429176	0.333563786390706	-1.33585383104943	-1.8383152152720201	0.026785974775536	0.0316720272002441	0	0
167	-0.11493579715939801	-0.130870473743991	0.6875089985046479	-0.283627987585856	0.0644102438264886	0.0824354502501947	0	0
168	-0.0492288435928185	0.007084916984435321	-1.0603345322572701	-1.5604508224496898	0.0539727544174078	0.0158348458966597	0	0
169	0.00101742322410571	-0.28805222308957	0.999031446713634	0.596742015162409	0.0390078169523676	0.0489068615594824	0	0
170	-51.4088355662353	8.27413259371461	-81.08574574645641	10.3230644896461	19.1057486156367	-2.8194885394362004	0	0
171	-69.8364127671672	58.280605884019394	-116.174761035931	68.984902431728	88.03310426367192	-36.1160595316417	6	0
172	-17.055957136508802	116.143277839668	-76.36358369730699	104.270750287964	135.452851262123	-76.42224095984041	6	0
173	25.0093756616746	136.71034680886498	-56.46418490732079	103.86553698072201	145.537374286593	-68.3930527806595	6	0
174	45.056424766301205	142.32507649847798	-40.3845088368695	103.638071875842	147.76595977819798	-70.47450814180179	6	0
175	58.4205794314819	144.686222897524	-31.0437866524052	95.971970973645	148.839027886762	-85.1540966280665	6	0
176	66.5503744611437	141.69606539325198	-27.6480656020761	86.391816088297	148.900375139121	-109.59683222355	6	0
177	64.9560852060876	129.955561469381	-29.9695531940727	70.1277373711505	147.67087732319402	-122.40080461942699	6	0
178	58.437484323291294	116.59941617122	-34.865632715379	57.345243204808504	145.825292307869	-125.32827701489799	6	0
179	53.4693462687078	107.141641869459	-28.493734122902303	57.397935929274794	145.376310061218	-124.973286806435	6	0
180	51.501307715103295	100.176412482092	-18.686065993175003	60.07032456518821	145.527266588532	-124.77327382854901	6	0
181	56.4989931980513	103.98734243114299	-19.526694464930998	40.4181906031479	144.922653319209	-131.541343547906	6	0
182	53.5729315215926	88.43397172619291	-47.5265070189048	7.622037682429639	140.67707169045798	-138.807418038874	6	0
183	29.632645453283896	56.244608242036506	-53.400634453402795	4.664307530793081	137.584776728534	-137.96312315364798	6	0
184	5.01499183953674	32.5929876298225	-34.7878789368116	20.109409424619802	137.27550494409	-134.175253890834	6	0
185	-2.39954635676675	28.167945898541102	-23.3713280477057	22.024290057427898	137.27532598274	-113.31579960807699	6	0
186	-0.560101684621582	27.836088748749198	-25.957776047377	15.001311730094098	136.28930016137699	-87.315348057308	6	0
187	1.05956750839424	26.7497090185562	-23.7137380315944	14.1687718834517	135.85209253185698	-60.3360954092241	6	0
188	5.4931183373973	30.6121943226784	-14.619910750718901	22.444778732704002	136.524766501021	-32.463166114159996	6	0
189	15.583862834142	38.884630247930296	1.46815793312806	36.167082796707504	145.973596285956	-12.767427762172101	6	0
190	24.517349424741603	45.4126734982584	14.4742684712655	42.686035741471	162.38956770454502	-12.7564954564609	6	0
191	29.938423181458898	46.48667243156861	13.6700533548102	33.9943664053017	174.74660143312698	-13.8714871973189	6	0
192	27.6735037764367	40.0286746219648	-0.165363055601749	16.5148263827899	180.593777664824	-15.286882624709598	6	0
193	19.914179391127	30.4608963294794	-11.1376144509711	6.65647429273692	180.526063601587	-15.7550042654646	6	0
194	15.8434011078253	27.0372636284508	-12.5492126676743	5.1394056325240705	178.99099695547798	-15.7651950917544	6	0
195	15.2745230037878	26.028038008952198	-11.7370030002358	4.62503444904616	177.997637772328	-19.167999711738	6	0
196	13.9011100806849	21.136039082028603	-10.051859005164198	5.13848543639802	177.05552521429502	-46.018609114438	6	0
197	1.8482963505371397	7.614824214168951	-4.645921177630201	10.8268606562276	175.941993742507	-72.3661387968434	6	0
198	-9.92210571965305	8.606100268621558	-7.10816686277805	22.5408302533015	191.056654448438	-98.71829381436359	6	0
199	-11.361448750648599	20.1265871312108	-7.9106746439268205	34.1952601366526	226.30124789192502	-124.919004821505	6	0
200	-7.02221176523027	38.0196914656141	-24.5942754771765	34.0156318485534	266.941828076577	-133.538159173349	6	0
201	8.38799839401126	78.8118115215005	-48.1024480381651	31.7008789537501	306.263938153556	-134.990550699643	6	0
202	11.813941561529301	92.5820519349778	-132.130121560106	-7.368760556267261	338.756732237677	-144.614473268076	6	0
203	-3.7338834631469	88.68109938956958	-130.37028446015302	27.940099030489897	365.392665842539	-126.230840760528	6	0
204	20.1711149671902	109.42730263182501	-115.52575253527901	36.1461923409042	390.712989576557	-92.98519653685801	6	0
205	45.082491695833305	123.435393507606	-126.346553441423	19.6729338911413	416.151014720442	-67.6177982684208	6	0
206	60.4384119556257	128.078630889958	-144.675884126444	0.149199486979139	442.234848621493	-45.278770926897	6	0
207	69.1964222652347	129.658133443008	-160.54314835024599	-9.968606420304551	468.340994197256	-40.4093915896419	6	0
208	66.292860032367	100.929366104703	-159.17555294449699	-19.693777154705103	492.655477327145	-71.0299055013643	6	0
209	38.9164392765957	82.78095256063699	-104.513312954942	52.9366772691812	509.307392410923	-80.6213047157639	6	0
210	86.45498790982892	114.13447109892999	-94.52819766047492	5.7142931794151295	522.272794987523	-119.000776108669	6	0
211	60.4010226264384	59.7735870834191	-117.255613244847	-6.338310110585169	529.033385170129	-107.984288396654	6	0
212	47.209789770423406	60.2723844389756	-81.144270046942	31.166884090153303	528.517701386319	-78.95367383712158	6	0
213	69.3025048829345	74.3030692234953	-75.9517189333288	7.70724320506055	527.118288711182	-56.968022157759506	6	0
214	51.550244689227505	40.0530328522581	-88.24916520833371	2.35210593236901	521.848940823008	-54.01446912024009	6	0
215	30.530872774000603	39.8870963831447	-66.2222210294241	42.1803028141046	519.723802701858	-76.29282947397759	6	0
216	47.3729300871039	66.5452903034826	-48.105267471216095	55.9018160436526	519.422552348617	-101.44089858897199	6	0
217	72.3301877132657	79.9328055353261	-49.0364864202101	41.403455301342504	517.768740361625	-129.00361264956499	6	0
218	71.1545171770907	67.41453342277839	-60.29802326699139	19.999051564561	513.520427712751	-109.76736818030199	6	0
219	58.4783399503876	54.460995659056394	-71.40846949269871	15.149672073064199	508.585587176258	-85.0716494221224	6	0
220	50.954376025122	53.9440299635554	-71.3364947262085	20.4470394170624	505.159696315324	-59.459561255146	6	0
221	53.22974771410829	58.7816652924825	-70.2344163322834	24.950363730181998	502.446076439732	-62.0983567176053	6	0
222	49.986873907532996	55.813535259702704	-62.156400765368296	35.2078703676138	500.12979253106596	-85.7964376521587	6	0
223	53.1896540434684	60.13914654064361	-57.4149221331542	38.8664379329674	497.88876521802905	-110.883429002169	6	0
224	56.036458991073	62.8225214332648	-51.5370451701986	43.4265095078994	495.782867939077	-131.681962687031	6	0
225	59.477398184571705	63.3439798868632	-56.0206835182874	29.9741096051265	492.629571800326	-110.86608914133001	6	0
226	56.0261978917235	57.0231471655154	-62.8067953075509	28.0261460275606	488.83485283352996	-85.53704669576359	6	0
227	61.17766551479399	66.20067910927301	-66.7309100180055	17.812848422276	485.88086030103796	-61.262209387877206	6	0
228	59.5076673851171	60.05618614019979	-77.8157836477198	12.183193008345402	481.843147863313	-55.425028018994105	6	0
229	53.8607713670673	58.4958831597812	-69.7507024503939	28.8527862259289	479.489022920153	-78.8394726968542	6	0
230	52.3197327841815	59.6757216680757	-61.4454672562955	34.0870166004098	477.407930889004	-104.388851535236	6	0
231	55.2587429024041	57.6173140135043	-58.3827883647303	36.6901442741174	475.101162713509	-131.771472114141	6	0
232	39.2223644668692	32.922756692806104	-60.2614753731142	28.111402857711898	471.156972407702	-120.80186292894699	6	0
233	30.6636288772912	38.8661736174534	-56.956046642165205	41.320682297413	468.22300468355905	-93.295362045455	6	0
234	54.015194209814794	77.5998126078374	-51.07824214415529	43.6701661192991	467.500265808004	-67.4006275792198	6	0
235	80.39891722608041	82.1879163994534	-71.8106590440473	6.44879752413887	464.220540033627	-42.756149030466105	6	0
236	55.4725608872227	42.994752649336206	-85.9260500706616	2.69521585411675	458.73964305635	-63.1531723047723	6	0
237	26.8634016487469	31.439496610436397	-66.7613557133838	37.04143753914379	456.295199167331	-87.6254927227059	6	0
238	37.618342797039496	57.589755062799995	-52.1111240084086	47.580102401193294	455.675099467875	-118.23431532962	6	0
239	57.696546678979395	59.3893752254175	-59.7055720679464	26.759594635862303	453.414972976794	-140.203032527097	6	0
240	45.09436922605929	48.0719584244066	-62.032602768801006	27.3630297201432	449.761004926407	-115.039943461344	6	0
241	49.431622318077494	60.6364544727842	-67.532272763036	23.0274192056779	446.817361733676	-86.04983580535601	6	0
242	69.4233983657376	74.400432838314	-79.3728116449838	0.43956257781350205	444.181922452185	-59.020512178130204	6	0
243	48.9253703171054	33.556841571726	-98.2965141070038	-17.9195146902581	438.586933957603	-35.4148721428875	6	0
244	1.8469246835761597	3.533508605413	-81.6833855588307	31.5524781492395	435.85493700935206	-60.969280849525994	6	0
245	13.214371405044801	47.8753707735865	-36.21600792088171	84.89999371466621	438.38151327942103	-93.11512175284099	6	0
246	81.9600904457753	116.605474082353	-34.84496941607011	54.361881206925	440.95784972824003	-135.865698751661	6	0
247	109.432327703923	89.98535713572599	-105.049553489658	-46.154157789129	442.358189360894	-166.209874431273	6	0
248	68.87230985515039	84.7013718144844	-114.385116133951	-0.640527988367162	442.373404508069	-118.948866296162	6	0
249	81.3655236683562	101.184003754309	-124.917279375142	-22.459957369370603	449.839341659879	-85.21714013939359	6	0
250	60.816777875682796	73.514992577619	-179.035948466371	-41.916027767821205	470.20096089468495	-58.2999692866081	6	0
251	7.9194753378867695	38.5528181467535	-128.54661813966	51.954159440887004	493.788829716241	-40.885797887245396	6	0
252	48.6775708362265	111.99195257824199	-44.21129213344871	122.94811430764099	514.627801854012	-87.9501704890534	6	0
253	108.36232806938801	136.032201445146	-70.53100785089491	58.3086433341837	538.234584202417	-122.08056009213199	6	0
254	96.7125962567001	132.981131388282	-106.831406939384	38.2993081897796	564.876651949259	-59.4890894127243	6	0
255	119.994169242342	143.16402611056003	-159.898874591673	-41.1998707908364	590.3685058178701	-79.69073375190041	6	0
256	45.1157636828115	27.974524126629802	-232.296878728565	-85.6645659349449	618.083004923878	-77.4238094963644	6	0
257	0.35203796191709297	42.9962717745952	-120.895678315285	61.5466543666195	637.064665849507	-73.551949965465	6	0
258	3.2953356622017096	25.0720403256734	-78.2557582644534	87.9774279031472	659.367303935007	-91.61745454442301	6	0
259	36.6205204862908	108.817116385076	-29.901142757987	128.47583990921498	680.561340229398	244.71777260372397	6	0
260	151.213870049946	193.460705122244	-106.253034605854	-18.9345305759629	701.84470202386	430.730500639915	6	0
261	104.22099550926399	70.0538110380628	-279.568269086336	-169.642116778362	729.7232783136579	312.162710923057	6	0
262	-112.179223385151	-148.794179988887	-263.569785453336	-76.9986849461185	752.614739297434	185.38570796285802	6	1
263	-178.607014711487	-107.28695779803199	-49.3000756257287	175.721580418082	766.18199882382	455.002712526323	6	1
264	65.6174029263585	176.906183392574	59.1291449708527	174.898421798606	784.1089001222231	755.8491219360069	6	0
265	109.835642770905	77.57928484801191	-133.262151158319	-47.0618346481814	827.228671309847	-117.37945640646299	6	0
266	-32.3003091169362	-3.08473231083435	-106.112325969426	79.08962130589249	848.807181009036	-97.6584084260723	6	0
267	101.975796338895	171.84313563912102	-63.399395559628495	44.4147602163728	864.291906050605	295.54717436767396	6	0
268	120.293096657397	88.36827812912159	-267.144959279065	-173.778908034098	889.396539885781	434.765231966677	6	0
269	-94.14750580291691	-79.27458298763699	-223.525088969529	-2.7613664998727296	909.682502236686	-120.07055109183901	6	1
270	-131.41938615157198	139.573857287127	-83.024518684592	8.59786302706153	769.2484453489191	-94.69582226232059	6	0
271	-542.880666796103	316.609787103814	47.3716838721709	92.5198977703758	-136.744877572553	-136.745176905866	6	0
272	-198.546134155997	325.86436547623197	17.563616346699902	207.566425153839	-49.7632116773938	-49.7634469684986	6	0
273	-72.7464383984135	307.589693081266	6.526036743381259	282.860663908331	-17.8714201969751	-17.8714231260005	6	0
274	-26.6285374967638	222.811839329928	2.43823272863611	314.290529054974	-6.05891428015803	-6.05885874261674	6	0
275	-9.73314456703117	143.710444441506	0.932045008352079	299.028416829477	-1.7540251364824297	-1.7542708267695901	6	0
276	-3.5341754318874705	66.9386268554224	0.372624664379233	266.88556142547696	-0.1381082466902	-0.137995621822116	6	0
277	-1.25448573201145	11.2915308646935	0.167415503519742	225.5346219891	0.43942524261546095	0.90164817577968	6	0
278	-0.43076643911227597	-2.84612433734542	0.09048724247668599	178.562638892209	0.6646271235484721	66.1452533557119	6	0
279	-0.133711180150171	-26.289375861346002	0.0634491358402686	122.919321966802	0.839738999239025	93.23298131226758	6	1
280	-0.0213287372345943	-42.559897192160705	0.056615182440217994	64.9223506862392	0.9521238835483471	68.9499609553052	6	1
281	1.2327765535285502	-46.859108770613496	1.32556983931855	20.8603823841964	5.271335581068509	41.9949911600638	6	1
282	-4.746238734372731	-45.4184557648192	-22.7880343778387	1.9825788783721	104.554540564583	2.07446089418457	6	1
283	29.0520145186807	-56.214998629869996	33.3202925637177	-0.6235013071926079	154.38523836605	-62.591880980011396	6	1
284	-12.2187659251398	-85.79328424597071	29.732493796244302	15.6636115759778	149.397117912482	-129.367644700039	6	1
285	-56.2826927926097	-79.3292666580943	8.70311684005018	55.3313810416486	141.989624308141	-137.49681047436198	6	1
286	-64.3488572107052	-41.6035113132048	8.5106884787307	97.7709305334497	140.437891546707	-133.839097274546	6	1
287	-34.593624436624395	10.91750548391	15.6571415486934	108.32570449148399	142.819803659001	-131.768705215078	6	0
288	10.991784651793001	51.2349088547009	10.0438014682436	90.38825008844641	144.67927840634	-112.42713154781201	6	0
289	49.5231518660376	65.6094474657767	3.1698947628702903	64.24218861759229	145.785857703225	-87.77178594362259	6	0
290	68.2198614069565	57.535319237386396	2.6072672408278104	41.3328290668403	146.194440149066	-61.17279963276879	6	0
291	70.4233110188646	38.301324790242795	10.189153099	24.7492551083076	146.37289293425502	-33.6161660103551	6	0
292	46.442710150782794	18.0507559678177	-0.676545149643524	18.4692488800274	157.186302753222	-15.620819092471	6	0
293	14.777432269091301	14.089330079497199	-25.433895074625603	25.7702420790743	187.98248934694197	-15.643015505299498	6	0
294	1.3419351185494799	31.0564703040031	-42.6811098154062	46.04748894482161	223.056929177812	-16.1390311031304	6	0
295	13.194024624713302	70.2028261506721	-51.1573395901932	68.3764931557325	256.985177254188	-18.4392929694992	6	0
296	36.4911489857201	103.381310579277	-77.14678238431641	65.017542732287	287.723656959028	-22.430849053105	6	0
297	62.2912388122484	128.06362285968	-72.5359450050202	86.5841452596682	313.658448419197	-39.5583767513701	6	0
298	100.527418335554	162.981442815228	-50.6328232690098	107.19553815400499	338.752245950843	-55.32835699639529	6	0
299	142.86172277446698	192.799351490046	-49.54917977460279	94.12032565376741	363.716384988749	-78.8852019899791	6	0
300	144.19294754856801	176.792640215607	-83.6724637204738	57.489247951458	390.869863037191	-108.474796213335	6	0
301	130.245788421258	134.111316099315	-87.1106338291258	39.0584449109639	412.002447202161	-125.29782952276001	6	0
302	88.950634428629	78.68479279192971	-63.159482393039106	44.4911390141822	417.596031190984	-106.92957054949301	6	0
303	67.7963857635565	66.4986929124439	-59.8375827359803	43.3028702108173	421.13091271991095	-85.6869021079837	6	0
304	63.8135270476475	75.51663799475008	-58.813160995840704	55.548381628783396	427.64751992778196	-61.493744234767895	6	0
305	76.6918643123994	94.75167199788679	-67.437732013055	53.1557578944135	439.974875980709	-37.129185637346396	6	0
306	81.9050223912137	105.51617817054701	-74.2999058736981	60.403706973053204	457.090759386839	-53.4740678786181	6	0
307	90.8374823619749	111.22583304242399	-72.458013603892	62.3770152077965	476.049343991138	-74.62022278813309	6	0
308	97.85422584701608	104.52695802889299	-62.4865239178022	53.3989450169428	488.236735896139	-97.9359876870854	6	0
309	100.26838401050699	88.4298277807025	-49.468352783468895	47.3631746395921	488.82910785603895	-125.871058140063	6	0
310	77.8850223672582	61.039632627897795	-47.56041462199511	38.2424412261906	484.88521356625	-106.037224061167	6	0
311	67.8284485943826	57.8048641966294	-55.04028043923329	32.499965738048	480.762038092948	-83.70570906552359	6	0
312	67.45180906822429	61.8421328049973	-56.5487127258772	34.1873752631059	477.87258226285894	-58.057305584800304	6	0
313	63.3965599970286	68.8988956400164	-73.8002533843629	32.554759485551	481.73317176519004	-53.1222938791565	6	0
314	66.70852838300671	83.2872951468817	-76.42584197433659	45.7638744271072	492.85531429695504	-74.8903250994657	6	0
315	78.3689270068451	83.3872069219797	-71.17403489803701	38.4226277412976	502.047702738246	-99.12430288268222	6	0
316	76.38364043830309	65.7880063744243	-58.8950083344466	39.681073298601206	501.08066269095497	-126.530440213447	6	0
317	54.2003175802783	37.9617441349301	-52.38528199755079	38.845231584775796	497.501336629468	-116.32844361384701	6	0
318	45.07259944043221	48.49164256603599	-45.31247434621571	55.1376583077404	494.769954864837	-90.9169388515498	6	0
319	79.39522452850859	88.00230594063859	-45.6972636167296	40.3475023441019	493.778036903865	-66.9564475040708	6	0
320	87.34966902366159	70.4092665482181	-78.8471664143002	-1.6960024870253998	489.78838799988097	-55.8010988203891	6	0
321	49.1916126417511	40.037505449699296	-89.57989588431671	15.231872695641101	491.750724591318	-76.444015443856	6	0
322	40.0240737183015	44.4562176888926	-68.28451352037371	33.0320585803113	491.709999262937	-103.593354375194	6	0
323	53.2258648213677	44.9016514316352	-68.5378815565907	21.079890359073	489.518734136288	-135.834774101557	6	0
324	27.9760225599249	21.9337465574506	-60.5484431476601	40.0036616663546	485.978204755589	-123.40266019293999	6	0
325	37.747660867269104	52.89573940791221	-51.183860906412704	50.4466875940197	484.71715376847	-95.225216043341	6	0
326	84.6360515750408	99.3943323774259	-59.4510328981473	22.7333954946835	483.831642129517	-68.10871631502279	6	0
327	88.58466620487341	61.8177366707216	-98.40127054054881	-33.3415989516763	477.438802685973	-42.2606014494668	6	0
328	26.871084113428896	5.656269468728629	-102.419527554713	-5.11945607137433	470.778235075522	-66.01306135504811	6	0
329	6.93140752371176	24.4414977035984	-64.9379998355261	51.3646532027565	470.484315324432	-99.13821066343391	6	0
330	49.116222756221894	65.34373329561579	-54.7247036438593	36.7922486593649	471.094393863853	-139.816620562872	6	0
331	47.9484276445907	50.164466136257204	-56.426254695497505	45.565167403670905	468.120060327301	-147.220131019835	6	0
332	78.9742549849788	104.621876745435	-47.2564521498254	46.796042539620295	467.95494456303595	-111.220426939875	6	0
333	109.570469472465	127.085788337703	-125.829528358974	-34.0019576175471	478.996588791694	-82.7463182682344	6	0
334	41.5606638973056	38.124206185068395	-213.651981054536	-73.7206416121639	506.084284618871	-57.5208990098997	6	0
335	-32.2804462235607	-2.56973253471614	-159.48786024021	14.024112112243	529.258047075474	-58.8026832237506	6	0
336	-33.7224691311656	-6.187716465816259	-113.529224794233	51.93240226290789	552.59289415437	-91.906956356665	6	0
337	-26.398815132979102	27.872990498038302	-48.7812631168723	129.32997559646003	574.887058440431	-1.56726818693118	6	0
338	91.1838921147069	158.78343326593398	-18.0084801334805	109.421388692274	594.109854121377	284.236779211038	6	0
339	162.586485837792	185.940681809311	-160.842541671342	-76.08800792096079	619.191216382904	360.382046631457	6	0
340	64.7206162132361	25.2941164688911	-289.576116695537	-162.76562703028299	647.5268359283709	180.188035865348	6	0
341	-115.416435962502	-128.379317863974	-233.13302858658298	-46.9905613109617	669.357532151384	50.661118360188105	6	1
342	-156.480511392756	-100.21327139281901	-56.9087286148921	151.890027038753	683.921586491052	291.967724791158	6	1
343	30.1709207462895	154.162654841639	43.3110581386648	204.513257973124	698.189639747309	698.1896155549409	6	0
344	240.870302955097	211.20951381934398	-25.7733427833453	-36.7249866407443	747.114720082935	609.126722102701	6	0
345	43.655151261733295	-5.275334204228789	-172.186551198241	-29.8733188863486	795.1902426872749	-90.4334679560483	6	0
346	20.9608032000085	95.7036824135655	-64.1975313175667	98.2552618135884	812.299164573431	-87.3694606784024	6	0
347	142.56415183622698	171.776829006886	-154.609292771534	-80.13286943261599	832.273420047439	312.791342979778	6	0
348	-6.831825046812191	-77.4376022567386	-298.139838082137	-161.696448234804	859.0304642217579	219.603678957542	6	2
349	-455.173793730536	-9.88381350446467	-121.30454060189301	78.9289982704282	682.654704557267	-94.759278719406	6	0
350	-503.29373100658404	283.181412166357	-31.8101650152546	61.137113493523294	73.7414796868933	73.7414834380426	6	0
351	-185.94608189815602	307.344134369544	-11.7157938391433	126.013886252311	27.5816343167705	27.5816621551875	6	0
352	-68.1262122042829	290.492028733802	-4.24081695857561	190.63151755252102	10.5096904725238	10.509439485055301	6	0
353	-24.949832106944605	252.07550416467203	-1.51869172886638	187.025204231655	4.26698198440943	4.26703683833291	6	0
354	-9.11314308613914	203.908878060788	-0.521985667502638	154.030349253255	2.03450444374587	2.03429283988756	6	0
355	-3.3114480492253198	170.067868191461	-0.164985721617358	84.89188783987821	1.19914273780837	65.8257047838125	6	0
356	-1.1835893104971	130.207278942806	-0.0338613392279822	50.4418646111199	0.9901383975571229	129.047430500041	6	0
357	-0.40589939485471793	84.088243326102	0.0151553332715552	25.086376860114697	1.02190528756739	133.954730585932	6	0
358	-0.11583470424756401	52.935718488308204	0.0324935705085719	-2.94374832444987	1.07560180688714	134.232237525969	6	0
