R,RDes,P,PDes,Y,YDes,FaultIn
0.009498969,-8.64997,-0.02763164,-13.25832,-0.01701211,0.04993329,0
0.0002130399,-8.650939,-0.02659178,-13.25855,-0.01141797,0.05113425,0
0.01431552,-9.169932,-0.01027065,-13.26015,0.02710881,0.04596785,0
-0.01898311,-8.654019,-0.02471303,-13.25598,0.01885755,0.05128759,0
0.003046365,-9.168413,0.004687846,-13.25313,0.008576454,0.04645908,0
0.003073042,-8.647234,0.01409043,-13.25288,0.03573854,0.05096447,0
-0.01769509,-9.684381,-0.02861051,-13.24878,-0.004160877,0.04257007,0
0.01191098,-8.641847,0.07431059,-13.24972,-0.005543781,0.05024665,0
0.022379,-9.159021,-0.008210133,-13.25019,-0.01088821,0.04664605,0
0.005956021,-9.677575,-0.04390118,-13.25243,0.006421235,0.04231675,0
0.002152908,-8.647792,-0.02914375,-13.25235,-0.02763662,0.04963008,0
-0.006353953,-9.167365,-0.04883176,-13.25055,-0.05548706,0.04594634,0
0.05986391,-9.170095,-0.04925558,-13.25124,-0.08771889,0.04473991,0
0.02353112,-8.647256,0.02075222,-13.25178,0.09907719,0.05185401,0
-0.1577235,-8.639127,0.1112543,-13.24059,0.1245526,0.05289306,0
-0.158676,-8.64323,0.03338374,-13.23815,-0.08935078,0.04858598,0
0.04352946,-9.147694,0.2091901,-13.25649,-0.08240899,0.04336759,0
0.06145535,-9.14328,0.1853565,-13.26356,0.04390267,0.04559884,0
0.02061504,-8.631418,0.08159109,-13.25921,0.0625339,0.04942185,0
0.07637174,-8.628243,0.1353115,-13.26475,0.07382212,0.0483729,0
-0.2005107,-9.147912,0.04898055,-13.23667,-0.1812743,0.04355008,0
-0.1391614,-8.632128,0.06229305,-13.23887,-0.1373247,0.0475525,0
0.03447716,-9.143324,0.05104128,-13.24599,0.07635998,0.04465999,0
0.1024597,-9.167683,-0.07435051,-13.26298,0.2813475,0.04657483,0
-0.1087538,-9.166041,-0.02140145,-13.24667,-0.157821,0.03873277,0
0.08479526,-8.642409,0.06611545,-13.24194,-0.2295135,0.04846171,0
0.1601193,-9.17163,0.07019977,-13.26281,0.5480406,0.05395648,0
-0.4092137,-8.625233,0.2434466,-13.21803,-0.5007969,0.04756271,0
0.2608133,-9.19839,-0.6000871,-13.23649,0.008308001,0.04645916,0
0.4532113,-8.659653,0.1418857,-13.28297,0.4801903,0.05130259,0
-0.6775778,-9.205256,-0.4856365,-13.19969,-0.7275295,0.03501968,0
0.2931591,-9.171116,0.7609491,-13.23314,0.5687104,0.04214318,0
0.4069431,-8.608818,0.09070464,-13.26536,0.1520603,0.05702187,0
0.1278502,-9.206326,-0.5612879,-13.26604,0.3822897,0.04463118,0
0.0487289,-9.219653,-0.7037841,-13.21858,-0.3416453,0.04882182,0
-1.143895,-9.074717,1.140172,-13.14411,0.3626813,0.04055262,0
-0.1967449,-9.076036,0.92927,-13.20234,0.02172048,0.04661826,0
-0.5008267,-9.04475,1.705125,-13.17903,-0.3429233,0.03464443,0
0.7320987,-9.191982,-0.6513122,-13.23188,0.3877581,0.04799926,0
-0.1804022,-9.167271,-0.1527096,-13.18446,-0.6267931,0.02816797,0
0.2416764,-9.181221,-0.4139802,-13.23817,0.4718993,0.059234,0
-0.419663,-9.11464,0.2381025,-13.18338,-1.029014,0.02271612,0
0.6393934,-9.180568,-0.9987352,-13.27595,1.015189,0.05706493,0
-0.04497885,-9.164529,-0.538714,-13.19841,-0.5116944,0.03674592,0
-0.5944385,-8.694676,0.2435378,-13.20527,0.4023486,0.04185829,0
0.380468,-9.137363,-1.177297,-13.27156,-0.4772534,0.03966266,0
-0.246296,-9.088984,1.490358,-13.2248,-0.7240585,0.01535441,0
-0.1871953,-9.256434,-1.530656,-13.18365,0.4766411,0.05285433,0
0.05767003,-8.558617,1.311117,-13.25807,-0.2179483,0.03072304,0
0.272348,-9.169118,-0.4752963,-13.21898,1.090441,0.06123498,0
-0.08347239,-9.145204,0.2745369,-13.18972,-1.246639,0.0170922,0
-0.5911381,-8.747132,-0.4308379,-13.20793,0.205858,0.04217117,0
0.4052857,-8.626814,-0.5471547,-13.25009,-0.4687658,0.04027373,0
-0.1205359,-8.555737,1.320072,-13.21168,-0.1538579,0.04265702,0
-0.9935645,-9.218113,-1.133093,-13.11824,0.493394,0.06504098,0
0.3546327,-9.159093,0.370286,-13.25652,-0.6404123,0.01869852,0
0.5488712,-9.189811,-0.3242633,-13.26713,0.8375993,0.0477216,0
-0.2246919,-9.06558,-0.03118936,-13.21928,-1.076745,0.03527155,0
-0.949595,-9.133156,0.4156607,-13.11768,0.3464655,0.04364589,0
0.3232445,-9.220684,-1.465688,-13.23095,0.04050398,0.03862764,0
-0.2573089,-9.061357,1.62434,-13.2174,-0.1843631,0.02403664,0
0.04527323,-8.632785,-0.2734836,-13.2198,0.9446648,0.06275873,0
-0.2101953,-8.621133,0.1586107,-13.17531,-0.8668807,0.03081828,0
-0.5419024,-9.200414,0.2013919,-13.18816,0.4569123,0.04572082,0
1.024465,-9.202429,-0.1133437,-13.26469,-0.6160996,0.02610784,0
-0.8784194,-9.071474,1.317115,-13.15879,-0.247704,0.02406057,0
-0.3090917,-9.11551,0.1802732,-13.19281,0.9349295,0.07208829,0
-0.09687953,-9.239451,-0.904644,-13.19172,-0.568038,0.02950534,0
0.5647751,-9.25627,-1.117903,-13.20307,0.1316375,0.03687344,0
0.4674856,-9.112563,0.6748111,-13.23558,-0.5727296,0.0316034,0
0.06185381,-8.622839,0.4901322,-13.22084,-0.09363107,0.04288863,0
-1.089389,-8.640964,-0.8489602,-13.14402,0.337753,0.06991732,0
0.2995392,-8.670357,0.4566082,-13.19477,-0.664363,0.03179221,0
1.390336,-9.282945,-1.373454,-13.3043,0.3157834,0.04017115,0
0.09026814,-9.631063,-0.2294104,-13.21804,-0.1795683,0.02683584,0
-0.9880232,-9.148836,0.5638227,-13.17778,0.03803029,0.0422571,0
0.3433825,-9.184045,-1.015589,-13.17755,0.021791,0.06490971,0
0.06117225,-9.727528,0.04547042,-13.22061,-0.8125324,0.02118892,0
0.622306,-9.217791,-0.7537358,-13.23902,0.6168523,0.06222523,0
0.0220882,-9.132033,0.3885068,-13.21294,-0.1946594,0.04471831,0
0.1240006,-8.639951,0.3708926,-13.23252,0.02285619,0.04348913,0
-0.5690024,-9.197749,-0.4689763,-13.16141,0.3780031,0.05273908,0
0.03682947,-8.574555,1.380902,-13.20378,-0.3144276,0.03996971,0
0.8323329,-8.694115,-0.4302165,-13.2704,0.435441,0.05347998,0
0.3395083,-8.646102,-0.1134896,-13.26891,-0.4445276,0.05001594,0
-0.04458614,-9.253954,-0.7163689,-13.29367,0.3843209,0.03922147,0
0.5590459,-9.170714,-0.7586073,-13.27486,-0.209592,0.0416289,0
0.4195457,-8.666475,0.9640211,-13.23811,-0.1274755,0.04053885,0
-0.001402393,-8.720321,-0.2092708,-13.24815,0.459009,0.05025639,0
-0.2700593,-9.199586,0.07438181,-13.18952,-0.5399794,0.02735732,0
0.1142482,-9.249454,-0.4258403,-13.27322,0.1004598,0.03297505,0
0.4637927,-9.267185,-1.352399,-13.20108,-0.1986596,0.05834041,0
-0.8473595,-8.600493,1.309261,-13.1626,0.1763655,0.04487565,0
-0.5388007,-8.68908,0.3332718,-13.13291,0.4497472,0.06441585,0
0.07875548,-9.160039,-0.1521771,-13.21653,-0.3568989,0.04564745,0
-0.577408,-9.17399,0.4065948,-13.16925,0.2942137,0.04948611,0
0.8931214,-8.639026,-0.1872023,-13.28193,-0.4787538,0.0502051,0
-0.1780832,-9.148962,1.224725,-13.1546,-0.07174911,0.04166526,0
0.3258043,-8.694934,-0.5939914,-13.30369,0.5242941,0.05381737,0
-0.176913,-9.178175,0.8408542,-13.22418,-0.7476082,0.01453121,0
0.3043568,-9.247819,-0.1761619,-13.2501,0.24671,0.03150976,0
0.3031227,-9.134721,0.1949779,-13.23299,-0.0001444108,0.05543439,0
-0.2098114,-9.132987,1.638281,-13.23935,0.06199183,0.03330836,0
0.007537989,-9.254807,-0.8669416,-13.21411,0.2213067,0.05602027,0
0.2671135,-9.228659,0.1272238,-13.2303,-0.8015466,0.02557766,0
0.4645923,-8.775583,-0.9550142,-13.27678,0.5301162,0.04771357,0
0.3062872,-9.193338,0.06478599,-13.2662,-0.4601059,0.04618162,0
-0.5956393,-9.131691,1.946219,-13.16656,-0.2387311,0.0360806,0
-0.3838626,-9.761642,-0.492305,-13.16157,0.6633304,0.05355106,0
-0.03567322,-9.214139,0.8659229,-13.21978,-0.5614501,0.03253744,0
0.2851871,-9.290092,-0.7438881,-13.25722,0.1920767,0.04014632,0
0.4906059,-9.766873,-0.886578,-13.27543,-0.4109248,0.04492552,0
-0.2057587,-8.681623,1.246709,-13.19557,0.279979,0.04914119,0
0.3606237,-9.299602,-1.756872,-13.24909,0.001029977,0.05716261,0
-0.1763646,-8.69793,0.8453982,-13.19185,-0.7130195,0.0293317,0
0.1417223,-8.768325,-0.7801754,-13.28693,0.6104935,0.04735622,0
0.5944387,-8.672174,-0.04373956,-13.31499,-0.4066382,0.04393091,0
-0.2824132,-9.167838,1.021657,-13.22762,-0.07013527,0.03510875,0
-0.6868555,-9.197665,-0.2464042,-13.19431,0.1325704,0.05684404,0
-0.4227371,-9.24001,0.2190224,-13.23018,-0.1121337,0.0349212,0
0.7803536,-8.817542,-1.352228,-13.2743,0.1350227,0.04105121,0
1.023464,-9.236527,-0.4129464,-13.31761,-0.293039,0.04656271,0
-0.324058,-8.650233,0.8838115,-13.23547,-0.1622158,0.03542667,0
-0.789728,-9.235664,-0.2257374,-13.19865,-0.01975284,0.05418453,0
0.1159959,-9.175701,0.5275477,-13.27631,-0.5081989,0.04111737,0
-0.3120271,-9.244332,0.03275514,-13.22161,0.2073661,0.051613,0
-0.7189128,-9.230492,-0.02664485,-13.20107,-0.03889453,0.03958675,0
0.3519781,-8.714346,0.8127711,-13.24667,0.1687688,0.04700074,0
0.5641013,-8.769291,-0.9356161,-13.2738,-0.09384577,0.04792047,0
-0.1022593,-8.766465,-0.692916,-13.22525,-0.467184,0.03637491,0
0.05523478,-8.748999,-0.4706438,-13.24829,0.06345166,0.04864505,0
0.1883368,-9.194575,0.4593673,-13.27706,-0.14575,0.02698417,0
-0.04440319,-8.780509,-0.8752817,-13.23574,0.04929087,0.0452962,0
0.09247205,-8.771305,-0.6879302,-13.24515,-0.1018372,0.04908145,0
0.05397195,-8.665325,1.33318,-13.24452,-0.2191849,0.03434419,0
-0.8418007,-9.261474,-0.2146011,-13.19414,0.4732586,0.04761,0
0.6253184,-9.23951,-0.06280603,-13.29402,0.2637804,0.05610631,0
0.528904,-8.695143,0.4541299,-13.2604,-0.4951323,0.04706018,0
-1.203871,-9.345016,-0.9533707,-13.18177,-0.238349,0.03819347,0
0.4962598,-9.307108,-0.6431619,-13.2942,0.4371772,0.05807388,0
-0.08910317,-9.35613,-2.303841,-13.18782,0.1349969,0.05898816,0
-1.596043,-9.155437,2.391319,-13.08893,-0.4755505,0.04493837,0
0.2088398,-9.693337,2.13605,-13.31189,-0.06719838,0.04244315,0
-2.157337,-9.218252,-0.1005808,-13.14149,1.109447,0.06656351,0
1.83313,-8.906257,-1.841982,-13.3927,0.9552296,0.08750796,0
3.047719,-9.713103,-0.1076706,-13.50415,-0.4160328,0.05111565,0
-3.00871,-8.996635,4.561625,-13.14965,-0.9714241,0.02496194,0
0.1633241,-9.355443,0.9271667,-13.23949,1.203079,0.06164076,0
1.058682,-9.603717,-3.335351,-13.33808,0.1511146,0.0809819,0
2.392348,-9.549749,-1.756444,-13.20646,0.8287898,0.07099204,0
-1.075857,-9.77556,-4.843874,-13.01224,0.3532753,0.06468393,0
0.6240574,-9.1818,-2.561105,-13.36224,-0.8209933,-0.001007701,0
-2.621351,-9.346763,1.526128,-13.00952,-0.05336515,-0.005670605,0
-4.026893,-9.127948,7.613306,-13.01965,0.03796676,0.008505441,0
-1.500578,-8.919151,2.9716,-13.24735,0.2905962,-0.01507513,0
3.230733,-9.267064,4.852335,-13.43375,0.4455592,-0.03021913,0
-0.9263259,-10.34504,-9.267593,-13.00427,0.4904341,-0.03600899,0
-5.60445,-8.930463,2.946989,-12.9447,0.8328266,-0.02366281,0
1.512017,-8.932965,5.969864,-13.0905,1.582827,-0.01683515,0
0.7043377,-9.516835,0.7691289,-13.02131,2.256912,0.06457914,0
-2.910374,-9.545733,-0.05602629,-13.11194,1.525203,0.02470291,0
3.084215,-9.394433,-4.854857,-13.40609,-0.1141943,0.04812444,0
-0.3456882,-9.64364,0.8648365,-13.04829,0.4867985,0.1137098,0
-4.89426,-9.570085,-2.404088,-12.62902,1.083061,0.1495486,0
-3.50851,-9.137454,-1.494703,-13.04252,1.142352,0.09702349,0
0.9712281,-9.071577,3.063668,-13.35889,0.9888285,0.1281554,0
-4.06649,-10.32172,-5.2583,-12.7686,0.9219008,0.1707421,0
-0.8188115,-9.873313,-0.8039596,-12.93294,1.024528,0.1721482,0
0.6378868,-10.09885,-3.121968,-12.93354,0.4625188,0.1768919,0
-1.908481,-9.62921,2.911026,-12.90917,0.4660513,0.1880803,0
2.028144,-9.57382,3.651458,-13.32274,-0.4250776,0.1290266,0
2.011679,-10.01648,-2.266237,-13.16011,-0.3649664,0.1523635,0
3.224908,-10.0262,2.514078,-13.01002,-1.219784,0.1112597,0
4.693288,-9.082268,4.189703,-13.44398,-0.9768435,0.0749991,0
1.635984,-9.329401,0.7111921,-13.19195,-0.3813604,0.1082165,0
1.104897,-9.76405,-0.2525138,-13.09975,1.00423,0.1347883,0
-1.796518,-10.03215,-3.258195,-13.05825,0.5986078,0.1539503,0
-4.111794,-9.442527,-0.01580035,-12.57083,0.3271345,0.1313029,0
-2.05025,-9.594634,3.804367,-13.02205,0.4420682,0.1075528,0
-1.982386,-10.78467,-4.631471,-13.09804,-0.2929665,0.08523694,0
-1.95992,-9.917336,1.864835,-12.8907,0.08155548,0.1325204,0
-0.5241492,-9.66046,-2.9896,-13.11486,-0.09449238,0.1137489,0
1.702995,-10.18951,-3.764502,-13.06289,-1.957344,0.07522498,0
3.064606,-9.548037,4.935708,-13.23997,-0.2379296,0.08656923,0
0.3352345,-9.78938,-1.230658,-13.20065,0.1616669,0.07857483,0
0.9280097,-10.01394,1.222754,-12.95863,0.9152786,0.1410622,0
-3.016984,-9.689793,-0.9265881,-12.795,0.3212501,0.1282103,0
2.140655,-10.00528,1.198546,-12.98417,-0.02289487,0.07331313,0
-2.117783,-9.38454,0.1447035,-12.81331,0.7077625,0.102709,0
-1.229622,-10.18997,-1.698123,-13.00037,1.190515,0.106958,0
-0.2188425,-10.02309,2.360801,-13.03749,-0.1386092,0.07521185,0
-0.9266542,-9.620196,-1.493983,-12.99117,0.08842,0.1133282,0
4.540403,-9.39625,1.953051,-13.43695,-0.8741231,0.0395811,0
-0.4408217,-10.42701,-3.22662,-12.89543,-1.120774,0.05282896,0
2.277246,-10.10368,2.276252,-13.08934,0.4576384,0.06501039,0
-1.127615,-10.59309,-3.012655,-12.61491,-1.7446,0.001839523,0
-1.953859,-9.69634,4.243492,-12.87361,0.39438,-0.0256754,0
-0.3809941,-10.21175,-3.599314,-12.96018,0.4161727,-0.03056183,0
-3.705283,-9.992176,1.600371,-12.75399,1.606336,-0.009770287,0
3.754131,-9.466012,0.8166901,-13.21836,0.5408278,0.05426446,0
1.393042,-9.865976,-2.91476,-12.9521,0.6580809,0.09460538,0
6.497335,-9.934025,3.4954,-13.33334,-0.578865,0.04078901,0
0.195716,-9.550664,-2.168468,-12.77675,-0.1072732,0.0638838,0
1.794863,-9.893235,2.776479,-13.02931,-1.47943,-0.01011421,0
-3.129022,-10.27212,-0.8691667,-12.69303,-0.895175,-0.03247397,0
1.612949,-9.969342,-1.515707,-12.70685,-0.7939763,-0.02529666,0
1.053028,-10.17373,1.074602,-12.85354,1.211951,-0.007718614,0
-0.2426187,-9.425648,-0.3735541,-12.90066,0.2194861,0.04900525,0
-1.823246,-9.998335,0.2880726,-12.93029,0.631047,0.03042922,0
-2.111886,-10.01897,-1.556968,-12.7465,-0.3789274,-0.005074897,0
2.211921,-10.94713,-5.906725,-13.09554,-0.6906346,-0.04888162,0
3.691538,-9.931861,1.470517,-13.15574,-0.6078707,-0.06189672,0
-1.69734,-10.41142,-4.933024,-12.81401,0.6315871,0.02119496,0
-3.209335,-9.991117,-0.03006715,-12.8913,-0.7501841,-0.005764573,0
-2.053361,-9.556973,1.090802,-13.03299,-0.2205739,0.006195378,0
1.618678,-9.973348,1.681305,-13.01285,-0.6501153,0.007334007,0
0.2270536,-9.710383,3.858782,-13.05226,-0.9142884,-0.03379205,0
-1.877597,-10.00839,2.796695,-12.88115,0.6197234,0.008212927,0
-3.392512,-9.744838,-2.350979,-12.66928,0.8855038,-0.04549877,0
-2.469493,-9.94885,1.546393,-12.71936,2.760531,0.02150826,0
2.820298,-10.5465,-4.631198,-13.11246,0.5475342,-0.0437094,0
-4.071628,-10.53925,-6.439856,-13.01462,1.344375,-0.02513114,0
-1.816588,-10.09053,0.04989532,-12.793,-0.213828,0.01259151,0
-2.85543,-9.605126,0.2813164,-12.65559,-0.9276988,-0.01355751,0
-1.018299,-9.550465,0.3147593,-13.03092,-0.655609,-0.04786491,0
-1.019223,-9.926182,1.566524,-12.85275,-0.6196811,-0.08131421,0
-7.293797,-9.726788,-1.271649,-12.39339,-0.1379986,-0.03163651,0
-0.06778977,-9.569558,-0.1536194,-12.86742,1.530005,0.02864391,0
2.431678,-10.0914,-0.03981807,-13.02899,-0.07390546,0.0265461,0
-3.722785,-10.37664,-2.042166,-12.42086,0.1085042,0.02152908,0
0.3090913,-10.22386,-1.1066,-12.8203,-0.5113855,-0.007418599,0
8.08869,-10.012,-0.1785618,-13.35388,-0.8918259,-0.005741883,0
5.949244,-9.80262,-0.1495578,-12.93197,-0.7794567,-0.07276953,0
0.3703915,-10.24257,-1.486689,-12.90781,-0.6004629,-0.03855693,0
8.033453,-9.844455,1.841988,-13.37943,-1.042621,-0.05754248,0
2.157655,-10.34582,-3.020034,-13.28492,-0.2513128,-0.01692716,0
1.023619,-10.2163,-1.315537,-12.79713,-1.548312,-0.03240708,0
-0.01932548,-9.72611,2.634844,-12.92274,-2.350082,-0.1125519,0
2.495162,-10.39389,-4.096427,-13.10334,0.9195926,0.05477423,0
3.629892,-10.30165,-1.245161,-12.47362,-0.4227254,0.03896484,0
-5.322605,-9.357797,1.304445,-12.42536,1.042137,0.07842904,0
4.65109,-10.75029,1.855633,-13.13381,0.9753894,0.1063285,0
-9.500479,-10.62912,-6.51407,-11.99801,1.27267,0.1819348,0
-8.654376,-9.668212,-1.481146,-12.28323,-0.2151593,0.1575797,0
3.184124,-9.57935,7.020314,-13.08171,0.4436148,0.1587138,0
-2.552036,-10.40498,-2.080855,-12.24937,0.3446872,0.1946426,0
-5.154118,-10.37464,-7.000749,-12.10669,1.326025,0.2585714,0
10.7091,-9.555552,8.34098,-13.49087,1.596951,0.3276426,0
0.1662598,-11.00551,-11.40428,-12.13156,-0.7467138,0.318471,0
-3.958523,-10.4128,-1.070515,-11.88811,2.947924,0.448954,0
1.294273,-9.946053,5.119272,-11.80366,1.759342,0.4346982,0
-7.189583,-11.10534,-4.335733,-10.99729,-0.153821,0.443356,0
2.708867,-9.199272,6.624192,-12.16609,2.37246,0.5235311,0
15.51825,-9.416501,7.514948,-12.42536,0.4595007,0.3899543,0
-3.021031,-10.41002,-9.552688,-11.04223,-0.806953,0.4308153,0
-4.418398,-9.743252,2.992121,-11.74529,1.61964,0.547819,0
-5.737589,-10.917,-0.1616658,-10.87063,0.0303211,0.4826786,0
-9.587368,-10.36886,-6.439812,-10.59277,0.581213,0.58108,0
11.47159,-10.18511,5.079195,-11.71543,1.136963,0.5730186,0
-4.482172,-10.59456,-9.298828,-10.32737,-0.04372507,0.6260413,0
-12.58777,-11.26584,-7.361825,-10.24589,-0.2632545,0.6111081,0
1.316143,-9.393003,7.841375,-10.83833,1.233658,0.719174,0
-2.997913,-10.94105,-11.51125,-10.5785,-0.5173564,0.6980729,0
5.392898,-10.01469,9.32611,-10.71088,3.182001,0.8387626,0
-1.694076,-9.853494,2.435529,-10.83875,0.3357026,0.8195923,0
-2.686044,-10.23951,3.275414,-9.888145,1.669749,0.8711089,0
0.4403094,-11.40044,-3.212237,-9.819618,-0.2992885,0.956785,0
-7.737586,-10.9471,-8.81272,-9.585626,0.9452144,1.000781,0
0.6122506,-9.440581,9.43174,-9.996706,0.6859733,1.039773,0
-6.271654,-10.38449,-7.490559,-9.293975,0.03414492,1.071958,0
7.134764,-10.3678,4.940164,-10.0775,2.47998,1.05197,0
-0.5265573,-10.59525,-1.015504,-9.663526,0.9637463,1.110947,0
-3.808122,-10.53073,2.511646,-8.448416,2.156774,1.187359,0
-3.199507,-10.96063,-1.82009,-7.791536,2.561941,1.362881,0
-3.495743,-10.7959,-5.709845,-7.807132,1.137532,1.363592,0
-3.389997,-9.806421,8.041301,-7.347426,2.620414,1.557675,0
-9.551668,-9.730955,-4.785517,-5.97403,3.475124,1.739167,0
1.299445,-9.768028,3.528,-6.104726,2.240318,1.900392,0
-7.453362,-9.715262,-4.701126,-5.783693,2.405199,2.08675,0
-0.2489602,-9.249691,2.014915,-6.057887,3.598679,2.21427,0
-1.972302,-9.011086,3.474007,-5.774065,1.410321,2.288404,0
5.794728,-9.226652,-1.915338,-6.340258,0.9643551,2.370575,0
-10.60718,-8.919208,-6.047163,-4.717584,1.758255,2.524493,0
1.194489,-8.608266,8.815924,-5.304805,2.68157,2.620085,0
-3.788372,-9.600318,-12.61331,-5.426334,0.3147416,2.662951,0
-2.085986,-9.088335,-4.147959,-5.184482,0.8641247,2.725991,0
-8.689055,-8.714045,6.056961,-4.409634,-1.120033,2.530727,0
-6.451201,-9.448779,-1.097728,-4.803021,-1.523501,2.5037,0
-0.7665139,-8.635455,-2.215959,-4.067332,-0.2726586,2.456272,0
-9.922231,-8.965075,-1.031024,-3.279915,-0.454125,2.4701,0
1.168473,-8.787275,1.517519,-3.663433,-0.4126723,2.414628,0
-3.686126,-9.701499,-9.642274,-2.818876,-1.512171,2.413513,0
-0.05143118,-7.863908,8.867988,-2.969836,0.3001656,2.400724,0
-3.23069,-9.763124,-8.018405,-2.492166,-0.2082749,2.377717,0
-3.158874,-8.780953,4.546745,-2.215797,0.01193775,2.346556,0
-12.31629,-9.190935,0.1937393,-1.295553,0.6468757,2.379596,0
4.773664,-8.500669,4.626923,-2.07211,2.364285,2.516049,0
-11.85611,-8.035843,-2.811035,-0.2965295,1.424032,2.544621,0
3.408411,-7.374346,9.428898,-1.187676,4.168458,2.706126,0
-3.0676,-8.370948,-1.018944,-0.015879,2.633225,2.753945,0
-0.7838192,-6.746811,4.604766,0.1925268,1.591633,2.89015,0
-2.626261,-7.802062,0.6506237,0.8538763,0.5562619,2.92585,0
6.113455,-7.163892,2.316809,-0.3423093,1.078808,2.959559,0
-1.677043,-7.503104,-2.999246,1.084335,1.343598,2.97887,0
-0.909942,-6.588635,3.122367,0.3068696,1.340586,3.064309,0
-6.352593,-7.467224,-6.869406,1.209499,-1.089166,3.007967,0
3.274292,-7.893334,-4.777995,0.5288408,-1.276595,2.979564,0
-8.502522,-7.191883,3.317043,1.617596,-1.852685,2.920038,0
9.12244,-7.231598,-1.020839,0.1665716,0.4645017,2.935579,0
1.598264,-7.378361,-2.596454,0.3582164,0.3678942,2.939367,0
0.7600951,-7.348575,1.372187,0.6924759,0.9973097,2.926084,0
-0.02040767,-8.172153,-9.386321,1.159262,1.52222,2.998842,0
3.725604,-7.240077,1.604433,0.432182,0.2138973,2.98136,0
1.876359,-7.545603,6.413228,0.1572881,-1.216935,2.923915,0
2.863991,-7.878471,-0.6734207,0.1469765,-2.718424,2.764581,0
-12.42438,-8.64045,-5.038451,1.619554,-2.980374,2.653333,0
-4.239354,-8.836308,-1.995802,1.91338,-0.1695794,2.635126,0
3.873771,-7.126669,5.829514,0.8164362,0.5750167,2.592385,0
-1.101573,-7.396636,-0.6993576,1.680145,0.5784855,2.583236,0
-4.266399,-8.227166,-0.7133477,2.145169,-0.1333883,2.52447,0
2.912097,-8.573118,-10.44376,2.048545,0.5196288,2.553431,0
-6.32013,-7.617053,6.257095,2.514272,0.9301056,2.665755,0
9.101708,-7.846167,-2.223348,1.595592,1.666618,2.723464,0
-1.289624,-7.103061,0.2587639,2.051753,2.040091,2.828611,0
0.05676459,-7.183935,2.173168,2.83855,1.47248,2.880595,0
-5.934642,-7.17336,-3.517543,3.65454,-0.3683109,2.901514,0
-1.175155,-6.881362,4.226807,3.577363,-1.132275,2.89275,0
-6.896546,-6.456917,1.889796,4.223939,-0.5355145,2.827112,0
5.884846,-6.314563,1.021121,3.532277,-1.17525,2.798615,0
-10.33318,-6.650035,-1.281229,4.349201,-1.703115,2.644187,0
2.754712,-6.160495,7.71659,4.100878,0.3795019,2.655527,0
-5.090787,-7.016014,-5.224704,4.779743,-1.923283,2.547107,0
0.5449874,-6.314199,6.457514,4.945856,-1.868603,2.500945,0
-5.371839,-6.820478,-9.973213,5.776293,-3.090891,2.35013,0
-1.385215,-5.572751,5.20687,6.087976,-0.2344815,2.37553,0
-11.67196,-5.762212,4.786859,7.474238,-2.01208,2.253447,0
1.928538,-5.425413,1.048525,6.873728,-1.00056,2.111408,0
-6.721026,-6.104609,-1.683701,8.333225,-1.574305,2.018757,0
6.596871,-5.059948,1.976231,7.447436,-1.674885,1.956731,0
-12.04351,-6.23977,-6.660885,8.947455,-1.853893,1.896627,0
3.468876,-6.019819,6.531267,8.539426,-0.9377858,1.831152,0
2.326138,-6.200838,-6.04024,8.901715,-2.052048,1.665516,0
-1.549618,-6.408785,-0.4400737,9.079693,-2.224381,1.512892,0
-3.081032,-6.789954,-5.087593,9.42525,-4.360311,1.182417,0
-4.292518,-7.860502,-10.03515,9.948652,-6.697773,0.9064581,0
-7.580372,-6.370191,9.96806,11.06347,-4.256375,0.7257183,0
-5.364889,-7.084884,-1.943977,11.76716,-3.835435,0.4742593,0
-12.09216,-5.507692,5.310328,13.21745,-3.537792,0.2599433,0
-6.840812,-5.704915,-1.084561,13.81662,-5.538321,-0.05235678,0
-7.552723,-3.79628,8.887361,15.06816,-2.943834,-0.2362123,0
-10.51825,-4.799992,-2.662628,16.31357,-3.213395,-0.4011303,0
-6.348072,-3.33466,6.129576,16.54029,1.05487,-0.2977118,0
-9.152963,-4.078641,-2.340107,18.07236,-1.613255,-0.4730761,0
0.9734035,-3.187115,2.286423,18.28582,1.887696,-0.3552148,0
0.2403029,-4.254423,5.581091,19.68261,1.076855,-0.4237222,0
-15.55884,-3.74658,-8.191707,20.42548,2.41639,-0.2367351,0
3.621583,-4.892836,-2.780034,20.4093,2.332732,-0.132296,0
-14.07637,-4.782895,-5.046871,22.39863,2.274819,-0.03821693,0
1.503755,-4.160879,2.885525,21.35846,-0.3469473,-0.06027311,0
-4.085248,-4.741738,5.469344,23.01834,-1.43868,-0.1645371,0
-1.686748,-3.557696,7.019228,22.44202,-0.9461307,-0.1734881,0
-0.949869,-2.345028,6.993359,22.72024,-3.526075,-0.4730709,0
0.8920446,-2.340442,-1.569597,21.95451,-3.85193,-0.6354823,0
15.30193,-2.880586,-0.3002487,20.27947,-3.823557,-0.8828857,0
1.001004,-3.044749,-2.177661,20.31702,-1.805961,-0.9531659,0
4.741757,-3.644814,-6.753927,19.65544,1.261541,-0.8931102,0
4.305867,-4.115032,-4.529406,18.84401,2.124791,-0.8746804,0
8.418372,-5.150794,-5.607842,17.33373,2.768399,-0.8071849,0
1.931598,-5.081782,0.9331594,17.40853,3.139957,-0.6233528,0
2.670614,-5.038865,0.4624301,16.99912,2.517521,-0.5175723,0
9.21104,-4.36518,4.520159,15.69753,4.420826,-0.3112572,0
10.86724,-6.343308,-8.374826,14.59381,3.509652,-0.1165374,0
11.43746,-6.088589,-2.080087,13.30806,4.348772,0.0606832,0
13.43874,-5.081479,-0.763935,11.60919,6.587274,0.5666812,0
5.058207,-5.945012,-5.403167,10.23765,9.474859,1.050604,0
-6.511998,-7.145127,-6.56051,10.93715,11.00507,1.678398,0
-2.849979,-7.692449,0.209867,11.01219,9.544458,1.996904,0
-9.942175,-6.504418,7.781898,11.99667,11.34583,2.868224,0
-3.649369,-4.670392,9.149364,12.82743,11.77915,3.591842,0
3.930721,-3.647747,13.5999,12.64858,10.25182,4.019236,0
5.943184,-2.338494,14.0332,11.44526,11.08011,4.691601,0
6.302678,-0.9308606,6.296808,10.35802,12.62562,5.547987,0
24.14323,0.7515359,16.21774,7.738697,12.95246,6.239404,0
11.70957,1.057903,3.659122,6.71986,9.825276,6.680581,0
7.892566,2.72569,10.75614,5.166512,10.08066,7.301968,0
10.18537,2.296584,-5.429305,3.556529,9.428626,7.909299,0
6.215755,1.759193,-3.948709,3.195261,6.73188,8.187854,0
-1.568029,1.698439,-3.353783,3.625205,5.469316,8.527961,0
-3.719426,1.047046,-5.315118,3.363558,6.509154,8.854869,0
-1.400133,1.241306,1.19827,4.084374,4.619448,9.219958,0
-10.10757,0.1573351,-1.978321,4.71806,3.266376,9.324838,0
-0.2677561,0.3028243,-6.651505,3.958516,4.575376,9.557844,0
-0.2796858,-0.7222028,-4.49609,4.700738,2.640416,9.659644,0
-1.496272,-0.9882295,0.5504205,4.604541,1.728106,9.786791,0
5.192809,-1.699023,-3.365282,4.065832,0.5769733,9.840358,0
-1.247472,-1.202691,-1.958774,4.922675,1.424331,9.912487,0
5.484989,-0.6637709,-0.8545043,3.566206,-0.226158,9.853106,0
-1.513772,-1.69695,-4.203817,4.163177,-1.243737,9.844734,0
1.560271,-0.7146839,2.215802,3.562039,-0.8769468,9.819498,0
6.158071,-2.538219,-4.902744,2.386932,-3.197906,9.612754,0
-7.061974,-2.726403,-4.271236,3.547032,-2.545484,9.537301,0
16.99369,-3.070518,-12.09464,1.669919,-2.793019,9.410882,0
8.354314,-6.065202,-16.00684,1.093035,-0.6284221,9.302925,0
-2.830359,-5.925389,-4.956042,0.7961426,1.94336,9.385614,0
6.252489,-8.994023,-20.35256,0.1846332,0.3519422,9.454559,0
5.280257,-9.931974,-7.140673,-0.4160373,0.9471065,9.533158,0
1.433172,-10.39298,2.284341,-0.1232858,-2.238604,9.413209,0
-0.1685224,-9.652094,1.482342,-0.7826649,-1.950145,9.229564,0
-7.619723,-9.466921,4.173491,0.4951771,-3.251535,9.081972,0
-2.938658,-8.185671,9.625787,0.737124,-3.701016,8.897771,0
-11.14878,-6.820768,9.240664,2.43329,-3.873791,8.718506,0
-5.782176,-5.27714,17.30108,3.216954,-3.84903,8.48665,0
-3.239242,-3.031548,14.682,3.825672,-5.391836,8.189397,0
-2.818405,-1.992957,8.468925,4.386552,-5.91342,7.862581,0
-2.11606,-0.7941353,4.444774,5.173551,-5.466274,7.554432,0
-3.881482,-0.3593465,3.837838,5.30429,-3.777358,7.342136,0
-4.023512,0.1151684,-1.232928,6.322446,-3.771137,7.093541,0
8.432935,-0.2819476,-1.212644,5.094594,-4.446746,6.762148,0
-0.5235438,-0.8838485,-3.90308,6.049937,-5.944428,6.441169,0
10.23082,-0.8716388,-0.2909096,4.339927,-6.147308,6.11647,0
-1.659441,-1.938872,-6.236646,4.996617,-3.83895,5.890218,0
7.803029,-1.776259,2.128492,4.015406,-3.082331,5.694593,0
2.203763,-2.215346,-6.193895,3.19014,-2.994407,5.445138,0
4.980458,-3.030699,-4.882651,2.59324,-4.320023,5.103047,0
0.3617707,-2.127317,2.255821,2.241861,-3.554627,4.920094,0
3.535111,-3.58547,-7.24373,1.79856,-5.143239,4.728398,0
0.5951833,-4.152986,0.4307428,2.072971,-3.593731,4.441444,0
-2.754081,-4.315629,-6.249755,2.67066,-4.368345,4.193806,0
-3.274584,-4.62486,0.2182026,3.065177,-3.842584,4.038704,0
-5.312748,-4.579701,0.5875345,3.582443,-4.168985,3.76062,0
-1.482408,-7.387955,-9.066447,3.743007,-5.229387,3.458906,0
-4.491299,-6.572243,0.7205279,4.431662,-2.285415,3.351047,0
1.976057,-7.395944,-6.310617,4.408191,-4.664876,3.042459,0
0.07603907,-7.604204,-1.244873,4.619599,-3.651083,2.849681,0
0.859071,-6.250482,5.141367,4.321637,-3.674051,2.708175,0
0.6112015,-6.590919,2.802605,4.418031,-3.898627,2.476091,0
0.09034564,-5.724042,9.010757,4.159999,-2.222901,2.319886,0
-0.9017091,-5.676589,4.434311,4.134144,-3.385802,1.953476,0
0.4863965,-6.454712,-2.359285,4.312882,-4.95628,1.639964,0
-2.23227,-5.950028,0.4203125,4.404154,-4.269304,1.5085,0
0.8514469,-5.510935,-1.543888,3.643297,-6.000819,1.263925,0
8.616301,-5.453116,5.610832,3.617935,-4.355128,1.016902,0
-4.476204,-5.939267,-4.278533,4.459294,-4.259687,0.8626124,0
3.662225,-5.093506,1.337634,3.635821,-4.208117,0.7572023,0
-1.743032,-5.879019,-3.235799,4.730595,-1.452329,0.5939137,0
-7.205523,-5.2801,-0.03453389,4.895597,-2.944592,0.3488336,0
1.035984,-5.146179,1.801229,4.533304,-2.309446,0.2309657,0
-5.20355,-4.925248,3.373217,4.608341,-2.029242,0.03614763,0
6.599438,-5.07182,2.878976,3.787653,-3.771937,-0.1848441,0
-2.952892,-4.538914,3.131765,4.716489,-2.673254,-0.3464397,0
5.455294,-4.231757,3.441954,3.574477,-4.202507,-0.6314056,0
3.909406,-4.580029,-3.522586,3.87768,-3.959063,-0.8181152,0
0.9998606,-4.45714,4.191098,3.428046,-2.050459,-0.9593039,0
0.8279283,-4.317329,-5.997943,2.964542,-3.478717,-1.164099,0
2.438493,-3.701433,3.368744,2.723913,-1.689244,-1.203101,0
6.605394,-3.779945,3.119419,1.67829,-1.691746,-1.446491,0
2.576886,-4.220838,0.6757058,1.460079,-1.716274,-1.571211,0
0.4284636,-2.455092,9.962326,1.057325,-1.366746,-1.624825,0
1.576613,-4.311192,-5.570899,0.5463164,-1.134752,-1.772379,0
3.811365,-3.739525,-5.465688,-0.2473428,-1.54138,-1.803176,0
-0.1368983,-3.417725,-1.654796,-0.003775869,-2.23396,-1.967653,0
0.1123784,-4.716813,-1.948033,-0.1571115,-3.263595,-2.174412,0
5.353198,-3.973209,3.15019,-0.8261672,-0.7429011,-2.166046,0
-3.136489,-4.677378,-1.508569,0.006043645,-2.616574,-2.246387,0
3.719915,-3.467147,3.125158,-0.4403725,-2.981464,-2.450867,0
-1.009767,-4.230142,-1.125231,0.06714382,-1.695852,-2.482386,0
-7.040864,-3.984816,3.904919,0.6612524,-1.52857,-2.634306,0
-0.847437,-4.622649,-4.447302,0.5397837,-2.70774,-2.764796,0
-8.840916,-4.308104,0.3919912,2.03108,-0.2505859,-2.725173,0
1.187223,-4.455171,0.9819938,1.340147,-1.662353,-2.915728,0
-6.135581,-5.099114,0.4056695,2.112146,-1.104484,-3.052127,0
-1.182967,-4.302408,4.014,2.067659,-1.100459,-3.098712,0
-2.231979,-5.386079,-9.819513,1.967248,-2.583173,-3.290002,0
3.026165,-5.274687,-4.177923,1.319851,-1.231259,-3.333007,0
-0.6398412,-5.984974,-5.755547,1.059227,-1.984742,-3.42928,0
-0.1707808,-6.561793,-2.013063,1.425079,-3.737448,-3.680477,0
5.269456,-6.048673,0.6205927,0.6219039,-2.563488,-3.77972,0
-0.8365064,-6.892608,-2.487954,1.011052,-1.953442,-3.858408,0
5.072659,-6.581254,-2.034625,0.7463683,-3.378507,-3.960148,0
-2.168812,-7.639047,-3.368062,1.20921,-2.322651,-4.096526,0
-0.4244081,-6.158809,10.33588,1.13435,-0.7411613,-4.053171,0
1.3527,-6.747615,-7.536917,0.54809,-2.79104,-4.23905,0
-0.6544738,-7.015932,5.382294,0.7543251,0.9938274,-4.181158,0
1.204996,-5.780812,6.019405,0.6303096,1.168991,-4.114125,0
2.306934,-5.110957,2.419852,0.1036193,-1.699691,-4.221327,0
2.944622,-5.592087,5.795753,0.1988238,-0.2501603,-4.268121,0
-4.829895,-5.684422,-0.2685399,0.6789623,0.9721165,-4.201239,0
4.328347,-5.282799,3.58289,-0.01077875,1.05554,-4.212993,0
-2.867767,-5.20299,1.803883,0.2951108,0.2943918,-4.277279,0
1.64559,-5.664861,5.882909,-0.05819376,0.466298,-4.211337,0
4.678766,-5.05993,-4.65538,-0.885815,-1.194424,-4.303197,0
0.8945005,-4.572993,7.609642,-0.6263536,1.642838,-4.138538,0
4.754369,-6.526424,-4.355451,-1.01483,-0.2247828,-4.264432,0
-1.117206,-6.439929,-4.798333,-1.289842,-1.100074,-4.16595,0
1.17101,-6.159867,1.690908,-1.360744,-1.388245,-4.238658,0
-1.899361,-6.824298,-5.558462,-1.23,2.022048,-4.07701,0
1.430922,-6.414439,0.7035726,-2.104966,0.6866455,-4.075406,0
2.968174,-6.160028,1.021005,-1.999163,0.6427715,-4.054467,0
-0.2180508,-5.636198,5.131304,-1.94518,1.496578,-3.941049,0
3.787966,-6.544487,2.112219,-2.081703,0.7551358,-3.913861,0
-3.42023,-5.110549,3.702119,-1.347896,3.012077,-3.742594,0
0.04632142,-4.389031,13.59618,-1.278421,4.824646,-3.520791,0
2.702887,-4.062413,-1.432785,-1.7592,0.1448175,-3.651732,0
-1.4358,-2.165603,14.44062,-1.556833,1.655618,-3.413715,0
5.424294,-1.608254,4.35036,-1.930582,1.373573,-3.310865,0
-0.2959252,-2.358636,-0.6726348,-2.049569,0.582213,-3.304305,0
1.233292,-1.791059,6.939204,-2.154843,1.482354,-3.199252,0
-3.159671,-2.667099,-2.983283,-1.92654,0.7506464,-3.15762,0
0.4845611,-2.574333,-2.300488,-2.009551,-0.4821032,-3.046557,0
-3.615372,-2.488266,-3.188104,-1.698647,1.67989,-2.948891,0
-2.29946,-2.159418,1.491872,-2.170248,1.357775,-2.938793,0
4.978396,-2.596458,0.5282552,-2.297905,-0.7777325,-2.867309,0
-6.520228,-2.002131,3.677275,-1.063374,3.217359,-2.703647,0
4.16256,-2.084177,1.018944,-2.187987,1.486636,-2.73294,0
-2.248908,-1.081225,0.1335026,-1.372064,1.537238,-2.643798,0
-0.2766503,-0.2748143,9.590617,-1.364624,0.8947945,-2.580151,0
3.584844,-2.086274,-11.06651,-1.95974,-0.9555756,-2.645433,0
-3.175228,-0.6854972,2.813561,-1.244825,1.840644,-2.463169,0
0.942109,-0.4236581,9.132822,-1.699438,1.80451,-2.494572,0
-1.400713,-1.277842,-5.149865,-1.551757,-1.408001,-2.536031,0
-0.2807738,0.5239921,10.40297,-1.566476,0.3875358,-2.449557,0
0.2713815,0.05444807,-0.01208203,-1.721309,0.2643588,-2.399234,0
1.064581,-0.345037,4.031904,-1.502458,0.3371547,-2.41761,0
2.352944,0.538408,3.384169,-2.117233,-0.7032518,-2.446234,0
-4.554966,-0.6393928,-6.287966,-1.364391,-1.304217,-2.49609,0
-0.3339222,0.367531,0.2210083,-1.798123,-2.614581,-2.645504,0
-4.887845,-0.8977855,-3.344782,-1.580216,-0.538027,-2.600934,0
-0.759519,-1.021322,0.02419008,-1.387843,-1.821309,-2.751619,0
2.621315,-1.466201,-6.156429,-1.744768,-2.988283,-2.947693,0
-4.116745,-1.84287,-1.037551,-1.142312,-0.3318896,-2.894394,0
3.817316,-2.735996,-9.193568,-1.726444,-3.304849,-3.065212,0
-2.39957,-3.409443,-5.587225,-1.266207,-2.63251,-3.15776,0
2.636756,-1.618484,9.068073,-1.599489,-1.88431,-3.203363,0
-1.718058,-3.497502,-6.694834,-1.714311,-1.5046,-3.336393,0
1.884646,-3.303004,2.69711,-1.831967,-1.991055,-3.443892,0
-0.2473082,-3.514287,-2.326861,-2.015129,-0.4774555,-3.47766,0
-3.931836,-3.381607,1.836082,-1.524381,-0.9834495,-3.582983,0
0.4122706,-3.787087,-8.91414,-2.237015,-2.037656,-3.729394,0
-3.947632,-4.244398,6.300844,-1.281894,0.02800312,-3.799009,0
0.513398,-3.977666,0.7290456,-1.506123,-1.072225,-3.886404,0
-2.641225,-4.397605,-4.128834,-1.193569,-2.410304,-4.019158,0
1.9554,-5.21188,1.241774,-1.131463,-0.3228248,-4.161935,0
-2.325675,-6.502184,-8.150747,-0.8121333,-0.7158735,-4.194463,0
-0.7418301,-5.534478,3.075161,-0.4456206,-3.849501,-4.417344,0
-5.393538,-6.751073,-5.749965,0.1342454,-1.162145,-4.389765,0
-1.781452,-6.227079,7.086518,-0.05580096,-1.612226,-4.625167,0
3.868035,-6.474577,-2.773617,-0.5285024,-2.754894,-4.782465,0
-0.6986357,-5.523982,7.931522,-0.5147449,-1.749828,-4.766467,0
-0.6405864,-6.604665,-1.805261,-0.1309062,-0.6854306,-4.888826,0
-3.822937,-6.337455,0.712117,-0.1477582,-1.101261,-5.092215,0
-1.094914,-4.916737,5.152814,-0.2648378,-3.767153,-5.334348,0
-10.79091,-4.375608,12.70559,0.4314971,-4.077636,-5.556132,0
-8.629185,-4.447611,8.470408,1.409269,-5.796514,-5.996082,0
-26.57462,-1.740897,7.613701,5.326311,-7.732064,-6.433343,0
-26.49041,1.518949,22.52012,7.621156,-10.08345,-6.873176,0
-38.68655,3.924719,25.59026,12.11695,-12.84444,-7.528673,0
-36.15179,9.062696,26.59404,18.235,-13.80066,-8.363817,0
-43.82503,11.12802,28.21087,24.66827,-16.44672,-9.332466,0
-56.53888,14.07551,23.26893,29.96779,-17.90995,-10.0099,0
-47.15431,18.05992,28.8884,35.82959,-20.64015,-11.05443,0
-50.24764,23.88432,28.42438,44.4388,-21.88532,-12.58161,0
-54.58167,27.42416,32.55267,49.62321,-22.31908,-13.46017,0
-51.01451,31.58052,31.66455,56.01812,-25.65774,-14.88656,0
-47.45115,36.75143,32.99084,62.50577,-25.0553,-16.11989,0
-44.52808,42.70749,38.10669,69.33772,-29.18838,-18.13788,0
-37.83962,45.34867,25.56214,72.92995,-28.47621,-19.27312,0
-40.20802,49.711,27.98809,78.01649,-31.00588,-21.03219,0
-30.07781,53.49714,19.03094,81.48904,-35.2441,-22.86097,0
-29.87078,49.04099,21.48367,86.71919,-32.64416,-24.18156,0
-23.28157,34.19951,7.735895,91.49438,-36.26382,-25.35712,0
-16.53146,25.31926,10.77906,95.56139,-35.99227,-26.49735,0
-13.15473,14.22366,10.90594,99.34214,-35.75555,-27.87166,0
-14.8198,16.00964,18.0889,101.0455,-37.7744,-29.87383,0
-8.473952,21.75698,27.29493,101.7439,-37.02333,-31.86138,0
-6.853215,24.92073,27.73507,101.8247,-37.14258,-33.91863,0
4.31727,34.15277,20.38072,100.1897,-40.69654,-36.27689,0
9.634889,84.08493,21.77505,89.91863,-38.57779,-40.87464,0
0.8557359,88.73505,29.65738,89.64536,-40.55421,-42.86914,0
-3.439894,92.28159,24.18322,88.65552,-42.22408,-45.0407,0
-1.803175,94.04041,9.074419,87.50229,-42.9218,-47.2986,0
-8.409458,94.24506,-15.35417,87.14747,-45.54232,-49.97804,0
-0.0219531,92.68734,-28.93945,85.44985,-47.49802,-52.70083,0
-8.50913,89.12427,-39.20518,85.73766,-46.02782,-55.53953,0
-2.956962,84.0173,-53.63147,83.9076,-45.2176,-58.4536,0
-6.518134,79.40271,-50.51991,83.61684,-44.67954,-61.36044,0
-5.096392,73.49931,-54.64624,82.86799,-45.09369,-64.24099,0
-5.556145,67.52229,-55.47162,81.99405,-45.70707,-67.22929,0
-7.501174,62.17795,-49.05427,81.74883,-43.05,-70.00666,0
-10.08883,57.35865,-42.94953,81.52684,-40.49535,-72.6391,0
-12.49389,53.94045,-32.94809,81.98817,-42.23522,-75.22934,0
-12.39093,51.71256,-23.39624,82.64306,-40.50007,-77.6925,0
-13.15703,50.50895,-10.69152,83.60004,-42.08148,-80.18388,0
-15.30768,49.64861,-7.713363,84.67837,-41.2123,-82.59306,0
-14.17419,49.68262,-5.24474,85.45411,-42.57159,-85.04772,0
-10.51266,50.64273,-1.983662,86.39625,-44.02064,-87.44588,0
-13.1139,52.28869,6.978088,87.64188,-42.36122,-89.75803,0
-8.632626,52.82524,2.092558,87.63928,-45.36689,-91.73943,0
-5.645849,53.80052,-6.115824,88.46329,-45.25434,-94.8166,0
-5.100025,54.30033,-4.935511,88.04929,-42.82502,-97.28965,0
-3.118839,54.76621,-6.316706,88.03609,-42.58936,-99.7854,0
-3.264491,54.58395,-10.52783,87.76511,-47.71935,-101.9411,0
-4.91043,53.71839,-11.79084,87.47101,-46.3061,-105.1731,0
-1.462828,53.27156,-12.58989,86.8998,-44.48143,-107.7349,0
-9.022774,51.86076,-17.69531,87.17258,-45.44455,-109.8163,0
-1.059128,51.13986,-17.90633,86.17466,-45.47935,-112.3741,0
-3.410642,50.08508,-16.01031,85.71504,-46.68659,-115.667,0
-3.670143,49.35859,-14.59233,85.22115,-46.08508,-118.2852,0
-9.273093,48.56804,-13.42484,85.61806,-42.13737,-120.0304,0
-11.34849,47.26879,-15.54994,85.43266,-40.92256,-123.2493,0
-8.841923,46.53077,-14.4428,85.50171,-43.62515,-125.7564,0
-6.858257,45.15244,-17.41617,85.42872,-42.50112,-127.6278,0
-3.115075,44.71724,-11.37472,85.1859,-42.4996,-130.2014,0
-6.990923,43.97147,-10.00327,85.65475,-40.36794,-133.2117,0
-5.97305,43.60872,-7.181242,85.54728,-39.90145,-135.5857,0
-5.683208,43.82443,-8.75729,85.77001,-43.14318,-137.4742,0
-6.377969,43.76279,-4.963449,85.71543,-41.11825,-139.8312,0
-2.551208,44.47547,-6.889267,86.00405,-41.60661,-142.6203,0
-5.453503,44.22616,-7.028482,86.03972,-42.26366,-144.5151,0
1.904,44.85111,-6.218062,85.87422,-43.04605,-146.7711,0
-2.207349,44.60017,-8.347014,85.50813,-42.78539,-149.1484,0
-3.345616,43.782,-8.977428,84.63176,-41.22628,-152.136,0
-1.862375,42.56994,-17.75669,84.43124,-40.65971,-153.8659,0
-8.473007,41.64376,-17.98903,84.35006,-41.71137,-156.2089,0
-5.462739,40.72212,-11.98267,84.09229,-37.84389,-158.4025,0
-9.376981,39.37541,-14.7338,84.16115,-34.94947,-160.5554,0
-6.523053,38.24242,-13.20878,84.23909,-34.33597,-162.6299,0
-8.14145,37.38786,-10.65894,84.55796,-34.31573,-164.6597,0
-8.850657,36.61462,-8.527137,84.54839,-32.15835,-166.6519,0
-10.97584,36.26618,-7.277422,85.22752,-33.44826,-168.5734,0
-12.62831,35.68906,-8.110421,85.51536,-32.25024,-170.441,0
-7.362681,35.58901,-3.928945,86.34609,-32.28012,-172.3132,0
-8.866076,36.03797,-1.085562,87.04864,-30.51095,-174.0326,0
169.0328,34.70181,-82.72517,75.42481,-44.60669,-176.5688,0
-41.81966,33.39971,63.75379,64.86879,0.5760765,-176.3719,0
25.6742,27.3745,56.74669,32.88312,-80.75902,-180.227,0
-172.4926,55.26603,300.2539,56.58841,-38.29093,-182.2484,0
-188.0972,86.11218,294.34,92.22121,66.6114,-177.8073,0
-111.8641,93.50943,24.80788,110.6776,21.27002,-176.054,0
-73.09375,94.26783,25.59023,120.8511,23.31716,-174.623,0
-84.48758,99.29709,68.65488,133.8846,20.54414,-173.2137,0
-53.85437,102.4602,39.87217,142.8736,15.75182,-172.0529,0
-47.52945,104.7497,35.09883,151.2135,13.58346,-171.1309,0
-37.04263,108.7067,41.86309,156.4732,-2.378396,-170.7156,0
-3.883791,112.7819,32.36594,157.614,1.294571,-170.2354,0
24.35402,116.75,26.04759,155.9818,-8.58131,-170.1294,0
49.44378,119.8708,13.11872,151.5775,-10.96863,-170.259,0
46.19886,121.4707,-6.75,145.8132,-15.33274,-170.781,0
57.48912,121.4146,-23.1469,136.8761,-16.23354,-171.5471,0
67.52737,119.0409,-43.20191,126.7173,-16.67441,-172.5692,0
69.63776,114.4105,-59.40593,116.2698,-15.7928,-173.7487,0
56.88512,108.2064,-71.02993,106.6024,-13.25004,-174.9502,0
46.96571,100.226,-81.77132,97.91747,-13.38451,-176.332,0
34.55967,94.18369,-77.14964,92.52858,-10.69771,-177.3097,0
19.34526,82.50997,-78.71626,85.51159,-11.69825,-178.953,0
0.5174589,73.33428,-79.0821,82.33578,-8.256721,-180.1631,0
-4.340053,64.55542,-70.89552,80.23727,-8.785719,-181.3468,0
-13.09042,56.46579,-62.4658,80.19914,-10.72779,-182.6112,0
-23.42902,49.62605,-50.88282,81.14593,-8.827636,-183.6512,0
-24.582,44.23066,-38.482,82.55373,-7.576595,-184.5746,0
-24.08881,41.26543,-28.29899,83.84633,-13.11174,-185.5002,0
-20.81246,38.08302,-15.46035,86.59158,-12.30183,-186.4392,0
-16.67674,36.94345,-7.361788,88.34914,-15.47292,-187.3405,0
-13.25913,37.30276,2.807271,89.85492,-15.55558,-188.1768,0
-5.444786,38.41277,9.580444,90.68536,-11.83007,-188.5525,0
-5.289059,40.19409,11.3952,91.32993,-12.72468,-189.5444,0
-1.797083,41.35331,6.842659,91.57196,-12.85521,-190.3255,0
-1.320109,42.02338,2.908493,91.47772,-18.1651,-191.1945,0
1.66019,42.32122,-1.505495,91.14679,-16.66576,-192.0045,0
6.525721,41.99726,-6.571477,89.97041,-17.34565,-193.3891,0
0.8117426,42.17855,-3.82214,89.89846,-16.72528,-194.3398,0
-0.8104306,41.4388,-10.33929,89.23293,-20.29752,-195.3142,0
0.4819813,41.17361,-10.98979,88.4415,-19.58908,-196.2831,0
-0.2532643,39.78282,-13.38945,87.54002,-17.14101,-197.8163,0
-5.592553,39.20078,-8.699296,87.74451,-16.42061,-198.5192,0
-3.826494,37.73227,-12.79174,86.93284,-15.35949,-199.6917,0
0.01112403,36.7538,-14.48031,86.41801,-17.39916,-200,0
-6.003224,35.56984,-9.471912,86.71554,-17.4534,-200,0
0.5647011,35.29157,-7.367512,85.98267,-17.65812,-200,0
-2.09356,35.46108,0.6286833,86.05728,-16.97685,-200,0
0.6240353,35.43142,4.828596,85.82416,-16.18561,-200,0
-0.8091272,36.22516,1.865991,85.67238,-15.32226,-200,0
7.143147,36.18791,-6.532467,85.19439,-16.16116,-200,0
17.35038,36.94843,7.389704,83.49466,-17.34854,-200,0
-6.713881,43.56712,47.54063,83.47156,-43.6466,-200,0
25.05483,51.35716,72.34145,81.94418,-56.14692,-200,0
5.611968,57.87402,43.6551,77.81826,-79.44659,-200,0
-115.8031,66.95776,139.7048,87.88104,-37.31498,-200,0
-110.0503,72.04952,88.26628,105.4198,-4.240762,-200,0
-67.24607,72.50204,5.936743,114.8567,2.128721,-200,0
-62.33495,71.48241,15.65792,121.7239,-0.5700437,-200,0
-27.62466,72.74451,21.82419,126.7299,-4.470659,-200,0
-13.69457,73.79923,4.687671,129.0825,-27.15241,-200,0
7.38305,75.91912,9.165586,129.0053,-21.03014,-200,0
30.46535,77.21446,-7.124644,125.2606,-27.45288,-200,0
36.62334,77.98262,-14.08303,119.8931,-25.66232,-200,0
52.99734,78.20341,-21.06178,112.7511,-26.93915,-200,0
43.33427,77.35494,-27.18303,106.3057,-25.70045,-200,0
44.10318,75.69899,-32.82561,98.51436,-25.15724,-200,0
42.43201,73.12,-40.44761,91.229,-23.53381,-200,0
30.48095,69.62579,-44.2193,85.62924,-23.97717,-200,0
15.61634,65.38059,-44.3527,81.374,-22.04326,-200,0
7.642002,60.77301,-46.2131,77.90962,-23.43204,-200,0
-2.85838,55.52742,-43.68311,75.80556,-22.009,-200,0
-9.756858,51.10607,-38.65543,75.3135,-23.88477,-200,0
-14.37358,47.25014,-31.0581,75.71264,-24.51285,-200,0
-17.83274,44.4718,-19.0706,77.12777,-25.10428,-200,0
-18.58815,42.54458,-10.89312,78.67471,-26.39213,-200,0
-19.85353,41.42019,-5.543052,80.54308,-26.9602,-200,0
-16.89834,40.60529,-6.872915,81.49968,-28.8394,-200,0
-12.05353,39.64819,-7.218894,82.72155,-29.08628,-200,0
-7.323653,55.39521,-6.597665,74.14877,-31.46427,-44.35266,0
-11.34299,70.1204,-3.641406,76.19996,-31.63017,-13.83672,0
-7.810587,75.68068,-8.546336,77.07798,-33.71992,-5.06031,0
-11.67658,83.41875,-17.82758,85.00572,-36.87374,-7.410558,0
-6.424616,88.01566,-27.63746,89.39745,-38.54576,-9.909904,0
-5.816829,92.7595,-35.44885,96.04089,-42.54099,-12.10311,0
-0.08870845,94.77518,-46.83137,97.37093,-45.78381,-15.7981,0
1.266194,90.81669,-53.63629,97.31374,-45.89906,-18.64629,0
6.043115,89.72173,-57.40988,98.65574,-45.4557,-21.78323,0
6.8871,92.42542,-63.60547,100.4915,-46.05449,-24.48157,0
16.36654,93.51115,-70.1546,101.4027,-46.44198,-28.83308,0
12.30194,89.71545,-64.20449,99.33361,-48.89675,-32.09042,0
14.28474,87.46683,-63.91628,97.98361,-48.19854,-34.50877,0
22.61841,86.54967,-62.87598,99.16953,-47.17724,-38.13776,0
25.99398,87.5738,-71.39777,98.25768,-50.56877,-42.84036,0
48.20923,79.40948,-23.53721,83.48856,-66.74026,-45.52649,0
75.56223,87.69976,31.00718,76.19937,-99.09568,-49.2863,0
110.6208,94.03994,108.4301,50.7127,-143.9659,-54.6724,0
-18.14779,117.0622,158.6507,28.01481,-207.9511,-66.42149,0
-93.04002,99.8704,165.6776,55.85371,-190.4449,-73.19093,0
-148.346,60.33059,207.5019,74.98658,-90.98322,-76.8308,0
-147.4249,43.03883,122.2695,95.72598,-37.36763,-79.34643,0
-112.7506,26.46144,-37.17126,107.2487,-48.55138,-82.31207,0
-137.0372,50.97562,-28.7716,126.672,-50.68044,-84.92535,0
-108.2092,72.48157,-18.32485,134.4248,-50.81097,-89.51891,0
-100.3626,93.11694,-6.376924,150.62,-60.19843,-95.35809,0
-98.97484,109.0962,3.790947,161.2466,-62.44109,-99.06763,0
-91.79978,119.6194,7.364608,171.067,-68.44159,-103.7188,0
-82.44991,123.7453,14.04574,177.8536,-74.5293,-108.0287,0
-60.43035,123.4364,2.203134,182.147,-80.27199,-113.5049,0
-36.32683,113.9879,-18.72772,179.232,-85.16445,-116.9069,0
-10.85018,98.77021,-46.17822,173.5257,-82.49168,-121.4406,0
10.64201,93.30145,-77.03998,164.0599,-77.95265,-126.8887,0
34.6265,77.25702,-73.89659,145.7759,-73.28809,-132.0267,0
62.87386,67.54209,-66.04339,126.039,-68.79087,-136.7966,0
85.00069,59.73931,-63.91766,102.6245,-62.79193,-141.126,0
103.663,78.26156,-60.63354,108.0582,-52.97437,-143.6368,0
136.6775,73.3298,-74.77012,89.1209,-44.23166,-146.1078,0
142.4551,69.33793,-70.43871,70.40217,-31.35345,-147.8189,0
84.69666,62.445,-100.4031,53.74136,-24.55499,-149.2435,0
25.65012,50.35332,-107.7585,45.5605,-15.19639,-150.4191,0
16.81468,38.18225,-100.8368,39.7152,-21.73283,-151.7028,0
43.11564,31.73613,-54.0178,32.95423,-25.60237,-153.1093,0
53.23365,28.70491,-40.88092,24.90868,-11.9041,-153.5942,0
30.19808,22.51455,-60.85388,18.88829,-2.771425,-153.7385,0
32.8919,17.1035,-49.02806,13.01237,10.37892,-153.0481,0
29.30741,13.43831,-34.85905,8.063155,12.89881,-152.1322,0
14.06181,10.74311,-25.85153,5.296044,12.41579,-151.2112,0
13.98359,8.305127,-22.04321,2.590815,15.01757,-150.1718,0
13.83009,6.526969,-16.62408,0.1614323,14.56588,-149.1194,0
6.594849,5.106336,-11.93599,-1.155071,10.78928,-148.2535,0
5.863291,4.303124,-8.122801,-2.188311,4.31661,-147.8877,0
5.597543,3.785678,-5.78929,-3.104329,-0.3927878,-147.7919,0
0.321314,3.736993,-0.2853635,-3.362328,-7.271347,-148.071,0
-0.6005308,3.95305,2.381878,-3.264456,-8.586256,-148.4937,0
-1.754723,4.471525,4.722584,-2.983625,-7.982777,-148.9202,0
-4.119351,4.936468,3.978561,-2.430444,-5.455224,-149.2474,0
-4.77562,5.345629,5.314834,-1.819881,-1.336907,-149.3781,0
-5.199504,5.944549,5.795887,-1.059377,1.508959,-149.3286,0
-3.360583,6.323731,3.722462,-0.4992385,3.492843,-149.1899,0
-3.440704,6.857042,5.396565,0.02894138,4.545084,-148.9794,0
-4.718776,7.200074,4.54371,0.5723497,4.85315,-148.8202,0
-1.324544,7.514332,3.385026,1.139899,3.973271,-148.5568,0
-3.032627,7.641429,2.744058,1.706286,2.228992,-148.4488,0
-1.876421,7.766563,1.480819,1.972597,0.5011651,-148.444,0
-0.4028166,7.805177,1.508992,2.076049,-0.3713255,-148.4669,0
0.5826211,7.566836,-1.765049,2.046479,-1.743628,-148.6183,0
1.534643,7.316485,-1.712526,1.8574,-1.998951,-148.76,0
1.520689,7.020467,-2.151224,1.697009,-0.9253262,-148.8316,0
1.919924,6.674042,-2.369924,1.448136,0.02024145,-148.8767,0
0.8284972,6.285648,-1.698718,1.271268,1.168511,-148.8339,0
0.2755789,6.073133,-0.9291866,1.199399,1.820903,-148.7386,0
-0.02762063,5.994196,-0.06890891,1.204256,2.203819,-148.6407,0
-0.1889929,5.93779,0.9344102,1.287986,1.296965,-148.5195,0
-0.1622747,5.905671,0.8206832,1.37989,0.1912672,-148.4856,0
-0.3872303,5.897273,0.9158461,1.470312,-1.009811,-148.5116,0
0.02222193,5.850481,0.3396615,1.536821,-1.258665,-148.5648,0
-0.366939,5.793749,0.1500449,1.614529,-1.049257,-148.6249,0
0.147076,5.72858,-0.2396215,1.623209,-0.2968206,-148.6289,0
0.1613656,5.659499,-0.4199777,1.622848,0.1527321,-148.6132,0
0.08880361,5.566867,-0.3387091,1.620765,0.5702051,-148.5698,0
0.3642447,5.488862,-0.1485086,1.610254,0.553763,-148.4713,0
-0.2001717,5.421358,-0.04908684,1.660315,0.375446,-148.4203,0
0.1367999,5.373208,0.1605238,1.671946,-0.2420506,-148.3775,0
-0.378736,5.308875,0.007472212,1.738133,-0.4407322,-148.349,0
-0.004445751,5.324645,0.537073,1.769023,-0.4968885,-148.3315,0
-0.03532872,5.302311,0.4612102,1.803234,-0.3685778,-148.3087,0
-0.3688131,5.225858,0.02976157,1.878146,0.1670226,-148.2602,0
0.06887356,5.24061,0.2556393,1.876593,0.2737967,-148.206,0
0.2092098,5.197989,0.04400221,1.898275,0.1555992,-148.1516,0
0.08717001,5.124639,-0.5142712,1.911272,-0.2574367,-148.1199,0
0.1070327,5.101942,-0.2310959,1.94226,-0.3882943,-148.0742,0
0.2199677,5.078989,-0.00993639,1.933501,-0.4932514,-148.0255,0
0.04637485,5.035618,0.3056538,1.977827,-0.2675665,-147.9597,0
-0.08286488,4.988555,-0.1589873,2.002958,0.1598227,-147.8572,0
-0.262636,4.948566,-0.2525869,2.047967,0.2684606,-147.741,0
-0.2318262,4.925734,-0.24497,2.089196,0.04102825,-147.6281,0
-0.03964772,4.907803,-0.2277598,2.108162,-0.1739993,-147.5189,0
0.1413831,4.888521,-0.1415258,2.116578,-0.333603,-147.417,0
0.09942705,4.84463,0.1558007,2.122385,-0.2136635,-147.312,0
-0.03152601,4.804942,-0.2174548,2.135455,-0.1517127,-147.1956,0
-0.03899952,4.782095,0.09016364,2.159837,0.05994713,-147.0553,0
0.1069799,4.758348,0.274248,2.184304,-0.05404987,-146.9148,0
-0.006835071,4.734216,0.3654126,2.223327,-0.07110278,-146.7745,0
-0.1864141,4.663918,-0.2087575,2.24622,-0.2345483,-146.6394,0
0.01547207,4.673984,0.3010747,2.259236,-0.2297103,-146.5087,0
0.1085716,4.600606,-0.09711,2.278467,-0.1099295,-146.3766,0
0.0551141,4.574275,-0.3959817,2.285342,-0.008695166,-146.2446,0
0.1036996,4.563804,0.03118345,2.293524,0.007467167,-146.1179,0
0.07293244,4.525864,0.03083536,2.301371,-0.009856133,-145.9954,0
-0.107691,4.474771,-0.3034051,2.337835,0.007586247,-145.8769,0
-0.1966856,4.484636,0.08918429,2.359177,-0.14631,-145.7636,0
0.2917475,4.470156,0.4893388,2.346502,-0.1545367,-145.6496,0
-0.0005380017,4.389159,-0.2573427,2.374125,-0.1713429,-145.5417,0
-0.3050334,4.337126,-0.4569502,2.411995,0.06351481,-145.4271,0
0.2305433,4.353876,0.08770902,2.394451,-0.102693,-145.3312,0
0.05058207,4.308154,0.09768839,2.422358,-0.09298627,-145.2336,0
-0.01568423,4.311777,0.2472474,2.442239,-0.1084895,-145.1671,0
0.09590024,4.279087,0.2427352,2.452592,-0.09790439,-145.0656,0
0.1786247,4.225321,-0.2069632,2.446886,-0.08877543,-144.992,0
0.1746435,4.198266,-0.3583973,2.463921,-0.1250273,-144.9256,0
0.009495199,4.191606,-0.3555926,2.484358,0.005433125,-144.8739,0
0.07723635,4.191324,-0.1197233,2.508137,-0.009716054,-144.7949,0
0.1263492,4.151824,0.01310422,2.531062,-0.2011987,-144.743,0
0.0319116,4.148515,-0.008221938,2.546104,-0.1058298,-144.7083,0
0.03877199,4.125669,0.1937137,2.568106,-0.1193959,-144.6559,0
-0.2436934,4.041699,-0.1530271,2.581728,0.02629242,-144.6063,0
0.2726983,4.050473,-0.3396776,2.568122,-0.009279075,-144.5687,0
0.01640788,4.025416,-0.2615553,2.58361,-0.1336508,-144.5449,0
0.0471387,4.050724,0.2679697,2.613946,-0.1502442,-144.5129,0
-0.04145574,4.016616,0.1026155,2.630518,-0.2355553,-144.496,0
-0.1101163,4.010129,0.001566394,2.652332,-0.1725848,-144.484,0
0.03108316,3.968459,-0.2552554,2.670168,3.951036e-05,-144.4575,0
0.1605585,3.972265,0.088608,2.692785,0.04977616,-144.4175,0
-0.0208792,3.947325,0.2012654,2.71931,-0.1164318,-144.3927,0
-0.024686,3.942691,0.1556037,2.723686,-0.2101517,-144.38,0
-0.1187329,3.89966,-0.08644101,2.75184,-0.2306996,-144.3647,0
0.1616826,3.900592,-0.006075654,2.749211,-0.1100223,-144.343,0
0.1318774,3.8853,0.05850637,2.760014,-0.1276915,-144.3286,0
-0.04860212,3.854935,-0.1581801,2.777934,-0.05779869,-144.3071,0
-0.07681723,3.842318,0.003532975,2.802598,-0.1923867,-144.2928,0
0.1142046,3.82994,0.04635813,2.803669,-0.2136429,-144.2806,0
0.103475,3.818691,-0.04258499,2.817546,-0.04370531,-144.269,0
-0.07903948,3.809536,0.02443138,2.850785,0.04551341,-144.2488,0
0.03261032,3.800255,0.04609831,2.867259,-0.0754976,-144.2332,0
0.1094653,3.787709,0.05043519,2.874585,-0.1516645,-144.2258,0
0.02900434,3.772019,-0.003407743,2.89275,-0.1876399,-144.2223,0
-0.07287906,3.748141,-0.1272048,2.914544,-0.1273934,-144.2176,0
-0.01541048,3.740093,-0.02572005,2.919631,-0.108723,-144.2128,0
0.0713394,3.729825,-0.007826761,2.929572,-0.06863486,-144.2068,0
-0.02041999,3.717276,-0.02864294,2.94647,-0.1226289,-144.2033,0
-0.00081485,3.699306,-0.04323456,2.957704,-0.0667657,-144.1973,0
-0.01439843,3.686287,0.008375157,2.978602,-0.03696632,-144.1908,0
-0.03958381,3.674025,0.01090618,3.000506,-0.09097923,-144.1857,0
-0.0638784,3.658849,-0.06554858,3.024641,-0.1950949,-144.1864,0
0.07795201,3.647713,-0.05381932,3.034943,-0.1381242,-144.1861,0
0.0591796,3.637695,0.02283932,3.045132,-0.1201204,-144.1805,0
-0.05781351,3.625395,0.005400366,3.06507,0.002932674,-144.1698,0
0.005643181,3.609005,-0.05122914,3.074339,-0.01783946,-144.1579,0
0.05853278,3.6007,0.03327971,3.078841,-0.1076219,-144.1507,0
-0.02651598,3.589623,0.007033102,3.094863,-0.1666729,-144.1467,0
-0.04611657,3.580447,-0.02644003,3.119899,-0.1519955,-144.1472,0
0.003230707,3.567137,-0.03418125,3.133676,0.03192968,-144.138,0
0.07484984,3.553672,-0.004003853,3.146795,0.1011177,-144.1219,0
0.03842417,3.537231,-0.04228089,3.15789,-0.02497711,-144.1099,0
-0.002765387,3.523335,-0.052028,3.169014,-0.2334401,-144.1074,0
0.06271156,3.509435,-0.04537712,3.178839,-0.2296642,-144.107,0
-0.02462632,3.494314,-0.03518283,3.192351,-0.04783069,-144.0978,0
-0.02996934,3.482021,-0.03070932,3.206588,0.06234567,-144.0813,0
-0.009374035,3.474023,0.02141261,3.220309,-0.0166523,-144.0667,0
0.02879063,3.463449,-0.01833059,3.225503,-0.1477233,-144.0582,0
-0.01750959,3.452889,-0.02096272,3.243143,-0.1852946,-144.0594,0
-0.01089733,3.444372,-0.01553246,3.258815,-0.1464499,-144.059,0
0.05246522,3.433702,-0.04988096,3.265839,-0.03574528,-144.0544,0
-0.00803709,3.419744,-0.05153899,3.283197,0.001919374,-144.0421,0
0.01581129,3.409058,-0.01697241,3.294632,-0.06391411,-144.036,0
-0.001353915,3.394905,-0.04293093,3.302744,-0.1178766,-144.0319,0
-0.01312524,3.384593,-0.0297309,3.315386,-0.1500782,-144.0294,0
0.01865336,3.372373,-0.05348923,3.322926,-0.09703235,-144.0263,0
-0.01385405,3.360576,-0.03991134,3.331222,-0.05583712,-144.0207,0
-0.004289567,3.360458,0.009409971,3.337332,0.01103543,-144.0143,0
0.04471045,3.347582,-0.01847537,3.353849,-0.03999919,-144.01,0
-0.04073337,3.341225,0.02343914,3.373388,-0.0961004,-144.0098,0
-0.0332668,3.332083,-0.005039206,3.389964,-0.1349142,-144.0109,0
0.009903389,3.326226,0.01147534,3.397636,-0.09116104,-144.0119,0
-0.007868468,3.316621,0.0105056,3.413121,-0.08212699,-144.0083,0
-0.0004278049,3.307784,9.874856e-05,3.423298,-0.05461581,-144.0037,0
-0.00618906,3.309037,0.07065745,3.43156,-0.09704981,-144.0027,0
-0.03245572,3.302073,-0.02527612,3.443862,-0.1538408,-144.0055,0
0.05699827,3.292366,-0.03090903,3.448733,-0.08718123,-144.0046,0
0.01651294,3.281117,-0.01610048,3.450525,-0.08593398,-144.0016,0
-0.02061938,3.274539,-0.01100183,3.46253,-0.0804537,-144.0032,0
0.05892077,3.261812,-0.07893998,3.46866,-0.09964693,-144.0044,0
0.02117334,3.250182,-0.02306812,3.478503,-0.08449571,-144.0075,0
0.05169511,3.24421,-0.01658252,3.482131,-0.1302024,-144.0112,0
-0.008463739,3.23627,-0.03678996,3.493718,-0.1153947,-144.0129,0
0.008695888,3.224921,-0.02475027,3.502986,-0.0574259,-144.0141,0
0.01459866,3.217488,-0.01115256,3.513123,-0.03934409,-144.0102,0
0.00299661,3.213315,0.005817937,3.518055,-0.08831526,-144.0105,0
-0.04612979,3.204976,0.01974617,3.531394,-0.123907,-144.0126,0
0.009173455,3.196462,-0.03098395,3.536875,-0.1170339,-144.0138,0
0.01197189,3.191279,-0.02460477,3.545131,-0.06103007,-144.0179,0
0.002816694,3.189831,0.01389907,3.55936,-0.05899085,-144.0239,0
-0.01696295,3.184468,0.004494455,3.575116,-0.04847889,-144.0281,0
-0.00534601,3.175601,-0.01002335,3.586782,-0.08155254,-144.0347,0
0.009971216,3.168868,-0.03163525,3.593126,-0.07361385,-144.0376,0
0.069583,3.16346,-0.04002611,3.598101,-0.1021395,-144.0426,0
0.004543373,3.155424,0.002377728,3.602598,-0.08865112,-144.0477,0
0.001755802,3.156698,0.01995211,3.610455,-0.03743932,-144.0502,0
-0.04184687,3.151426,0.00305428,3.622396,-0.07492831,-144.0547,0
0.006301472,3.14271,-0.02748873,3.62845,-0.08715992,-144.0583,0
0.002684337,3.137367,-0.01814878,3.640606,-0.05173768,-144.0638,0
-0.0008296003,3.129071,-0.03650321,3.651999,-0.0889435,-144.072,0
0.008547314,3.118284,-0.06572347,3.65746,-0.1149362,-144.0814,0
-0.00871496,3.109052,-0.05387462,3.670504,-0.08722411,-144.0895,0
0.04109362,3.10555,-0.01030756,3.675221,-0.1005703,-144.0965,0
0.008284059,3.102049,0.01317949,3.681601,-0.04955957,-144.1007,0
0.02314184,3.095429,-0.045627,3.686156,-0.03188288,-144.1038,0
-0.04334518,3.092649,0.007044518,3.695363,-0.05279185,-144.1088,0
-0.03646746,3.086839,-0.00443321,3.703828,-0.1462406,-144.1158,0
0.01104313,3.084849,0.01563622,3.710658,-0.05922502,-144.1192,0
0.03481356,3.083058,-0.02355652,3.715161,-0.08261043,-144.1279,0
-0.03616376,3.079758,-0.02581425,3.729167,-0.07575048,-144.1358,0
-0.01916959,3.077332,-0.01376286,3.741668,-0.06385732,-144.1427,0
0.02475668,3.072329,-0.05498284,3.745624,-0.06085533,-144.1505,0
0.009928792,3.072264,0.01005275,3.75322,-0.1043615,-144.1585,0
-0.003026495,3.068942,-0.02378335,3.764379,-0.1262004,-144.1677,0
0.0002209913,3.060384,-0.0366649,3.77042,-0.0319108,-144.1709,0
-0.0195337,3.057493,-0.009269694,3.779951,-0.06761723,-144.1763,0
0.04523662,3.053268,-0.03900453,3.783317,-0.1384675,-144.1836,0
0.05787904,3.045707,-0.06496193,3.783647,-0.06586103,-144.1883,0
-0.03498847,3.041757,-0.02211494,3.794364,-0.06797996,-144.1958,0
0.02647286,3.039076,-0.01378359,3.799628,-0.07627546,-144.2042,0
-0.01478299,3.037649,-0.0203509,3.808171,-0.08281983,-144.2108,0
-0.05070465,3.035541,-0.009410101,3.82334,-0.06360261,-144.2171,0
-0.01707194,3.037472,0.01139807,3.833677,-0.08725294,-144.2232,0
0.01965842,3.036204,-0.01312842,3.838259,-0.0859451,-144.2275,0
0.01046326,3.042321,0.006635053,3.843714,-0.08498867,-144.234,0
0.03718801,3.038171,-0.07891355,3.845937,-0.1136887,-144.2406,0
0.05125782,3.038991,-0.0251407,3.846777,-0.07814341,-144.245,0
-0.003440309,3.027632,-0.127276,3.846986,-0.110023,-144.2485,0
-0.0288842,3.030549,0.04095699,3.860989,-0.08806388,-144.2557,0
0.007606395,3.032929,-0.004681767,3.871482,-0.05626119,-144.2612,0
0.004502715,3.029022,-0.04359812,3.876799,0.01121212,-144.2624,0
0.004315053,3.027293,-0.03886499,3.884397,-0.04835254,-144.2645,0
0.01386715,3.028727,-0.01139197,3.887944,-0.05665674,-144.2684,0
-0.01870995,3.031934,-0.004980496,3.894769,-0.1033953,-144.2722,0
-0.008013205,3.028431,-0.05700775,3.89984,-0.05390379,-144.2749,0
-0.0423662,3.025353,-0.04878139,3.90901,-0.1039742,-144.2785,0
-0.02578362,3.024957,-0.0008855952,3.915765,-0.08041087,-144.2811,0
-0.05340484,3.025124,-0.006903519,3.922185,-0.05780593,-144.2816,0
0.003710191,3.02333,-0.04265501,3.9306,-0.08982307,-144.2854,0
-0.025859,3.023261,-0.005544177,3.942831,-0.04296727,-144.2895,0
-0.003815193,3.020082,-0.06226545,3.95143,-0.06280201,-144.2925,0
0.0495663,3.021181,-0.00817878,3.951503,-0.0794828,-144.2958,0
0.04158885,3.023095,-0.002580838,3.95467,-0.1040312,-144.3007,0
-0.03500676,3.017136,-0.07405583,3.966246,-0.0320868,-144.3034,0
-0.0265822,3.016846,-0.01656632,3.97327,-0.06907088,-144.3062,0
-0.01657719,3.014296,-0.01561765,3.980333,-0.05980912,-144.3091,0
0.004759615,3.010799,-0.05839797,3.983887,-0.0711953,-144.311,0
-0.01662538,3.007623,-0.04341673,3.992266,-0.1005304,-144.3153,0
0.0112883,3.010549,0.00365507,3.99596,-0.07901534,-144.3193,0
0.007804392,3.012518,-0.02402209,4.003712,-0.04323223,-144.3245,0
-0.006462554,3.680047,-0.04650676,3.403461,-0.02707435,0.006045817,0
0.02519993,3.678121,-0.03792227,3.407568,-0.1162951,0.003058713,0
0.00642705,3.676077,-0.04028818,3.414183,-0.06151646,0.004692721,0
-0.0013923,3.674087,-0.05772287,3.420399,-0.0414896,0.005680032,0
-0.02141612,3.675233,-0.003597148,3.424,-0.06342089,0.005279256,0
0.008532382,3.674614,-0.04718098,3.428831,-0.1196131,0.004286165,0
-0.02081957,3.672068,-0.06100325,3.437805,-0.06101975,0.006182256,0
0.0008562732,3.673148,0.005306399,3.441935,-0.0725571,0.005984317,0
-0.05547745,3.669653,-0.07936514,3.456086,-0.04679556,0.005134471,0
-0.02611494,3.66514,-0.06433716,3.465717,-0.04658002,0.0056107,0
-0.004155145,3.663699,-0.05891643,3.472864,-0.07617915,0.004963491,0
-0.02699887,3.661098,-0.0570095,3.479765,-0.1006175,0.004126473,0
0.02645427,3.66229,-0.03369318,3.483061,-0.0917049,0.004849737,0
0.04745103,3.657093,-0.05985806,3.482409,-0.06725459,0.006806759,0
3.68723e-06,3.660052,0.00883054,3.491069,-0.07524357,0.006390611,0
-0.0005253105,3.656223,-0.07106958,3.496233,-0.1060729,0.006702918,0
0.002723532,3.654033,-0.06014102,3.500933,-0.07138949,0.007049948,0
-0.02358412,3.651589,-0.02114189,3.506716,-0.08900525,0.007106102,0
-0.0009997631,3.655851,-0.008683408,3.514982,-0.07345647,0.006885177,0
0.01857737,3.657359,-0.0208498,3.518754,-0.08048276,0.007745169,0
0.01857989,3.658629,-0.02935169,3.521448,-0.05865179,0.007383089,0
0.0435116,3.653032,-0.08155712,3.518929,-0.07695495,0.008191249,0
-0.01904893,3.651463,-0.01478097,3.524021,-0.08642457,0.008362173,0
-0.02828615,3.653099,0.02189115,3.530643,-0.08102374,0.009451417,0
-0.02582477,3.657978,-0.002820719,3.538513,-0.03848866,0.0110537,0
-0.01829687,3.658481,-0.01419492,3.542917,-0.0764314,0.009626227,0
-0.0227069,3.664121,0.02568786,3.549922,-0.07466163,0.009895795,0
0.007161802,3.664142,-0.03034545,3.551333,-0.0165163,0.01285272,0
-0.03440369,3.664051,-0.03828963,3.558176,-0.05351819,0.01182639,0
-0.03022821,3.666484,-0.02118848,3.56433,-0.06881233,0.008827201,0
-0.02947192,3.673935,0.008157523,3.574636,-0.02868346,0.01180891,0
-0.006188579,3.676652,-0.01958992,3.58286,-0.03506396,0.01252698,0
-0.06323706,3.673347,-0.07823147,3.596425,-0.07430406,0.01178751,0
-0.04036514,3.665139,-0.08188187,3.603996,-0.04442218,0.009973841,0
-0.03479101,3.667182,-0.02595965,3.619756,-0.07495321,0.01086568,0
0.02293096,3.662942,-0.06056214,3.622033,-0.03064367,0.01256218,0
-0.004296264,3.665699,-0.0009059425,3.627153,-0.07307108,0.008673303,0
-0.002372243,3.664895,-0.04106051,3.629826,-0.09835556,0.008100993,0
-0.01218773,3.667427,-0.007628698,3.635494,-0.06149238,0.01130998,0
-0.04094092,3.668509,-0.03873321,3.647091,-0.09831782,0.00792057,0
0.008158496,3.672801,-0.007447774,3.650444,-0.02001162,0.009768541,0
-0.0003493255,3.680871,0.01995496,3.656422,-0.04449628,0.009860315,0
-0.005221804,3.685616,-0.02275073,3.665481,-0.03979452,0.009726308,0
-0.01772271,3.687312,-0.01478843,3.671274,-0.08178515,0.00859432,0
-0.01681566,3.688271,-0.05173651,3.680937,-0.0431555,0.008759075,0
0.01527951,3.692286,-0.001062562,3.687229,-0.0998501,0.007852204,0
-0.004756969,3.700613,0.01196293,3.691586,-0.09119424,0.006506701,0
-0.02469143,3.702365,0.001978438,3.697189,-0.09088442,0.007878641,0
-0.009162399,3.703005,-0.01342582,3.707934,-0.01720034,0.009086554,0
